单位ID,KEY,文本,单位成本,力量,移动,启用科技,帮助,策略
0,TXT_KEY_UNIT_LION,狮子,-1,2,1,,,"<color=255,255,0,255>狮子</color>是公元前3000年至850年在非洲繁殖的野蛮单位。"
1,TXT_KEY_UNIT_TIGER,老虎,-1,2,1,,,TXT_KEY_UNIT_TIGER_STRATEGY
2,TXT_KEY_UNIT_BEAR,熊,-1,3,1,,,"<color=255,255,0,255>熊</color>是公元前3000年至公元前850年在西伯利亚刷出的蛮族单位。"
3,TXT_KEY_UNIT_POLAR_BEAR,北极熊,-1,3,1,,,TXT_KEY_UNIT_POLAR_BEAR_STRATEGY
4,TXT_KEY_UNIT_PANTHER,豹子,-1,2,2,,,"<color=255,255,0,255>黑豹</color>是公元前3000年至850年在非洲繁殖的野蛮单位。"
5,TXT_KEY_UNIT_JAGUAR,美洲豹,-1,2,2,,,TXT_KEY_UNIT_JAGUAR_STRATEGY
6,TXT_KEY_UNIT_WOLF,狼,-1,1,2,,,"<color=255,255,0,255>狼</color>是公元前3000年至850年在西伯利亚繁殖的野蛮单位。"
7,TXT_KEY_UNIT_HYENA,鬣狗,-1,1,2,,,TXT_KEY_UNIT_HYENA_STRATEGY
8,TXT_KEY_UNIT_RABBIT,野兔,-1,1,3,,,野兔，从公元1860年开始在澳大利亚繁殖。
9,TXT_KEY_UNIT_SETTLER,移民,0,0,3,,,"组建<color=255,255,0,255>移民</color>建立新城市，扩张你的文明。"
10,TXT_KEY_UNIT_HARAPPAN_CITY_BUILDER,哈拉帕移民,0,0,3,,﯆新城市从人口增加开始,"<color=255,255,0,255>哈拉帕移民</color>，替代<color=255,255,0,255>定居者</color>的哈拉帕人，可以找到以额外人口开始的新城市。"
11,TXT_KEY_UNIT_AMERICAN_PIONEER,美国大篷车,0,10,3,,北美的新城市从一名后卫和一名工人开始,"<color=255,255,0,255>拓荒者</color>，<color=255,255,0,255>定居者</color>的美国替代者，当它在北美建立一座城市时，可以保护自己并在其中产生一名防御者和一名工人。"
12,TXT_KEY_UNIT_KHAZARS_KHAGAN,卡扎尔可汗,0,0,3,,一个伟大的将军是天生的。城市始于军械库。,TXT_KEY_UNIT_KHAZARS_KHAGAN_STRATEGY
13,TXT_KEY_UNIT_INUIT_DOG_SLED,因纽特狗雪橇,0,0,3,,﯆可以在沿岸冰块上定居,TXT_KEY_UNIT_INUIT_DOG_SLED_STRATEGY
14,TXT_KEY_UNIT_WORKER,工人,60,0,3,,,"使用<color=255,255,0,255>工人</color>在城市周围改造地块，并修建道路方便贸易的开展。"
15,TXT_KEY_UNIT_TEOTIHUACAN_ARTISAN,工匠,60,0,3,,﯆产生2点文化 ﬕ 每个回合,"<color=255,255,0,255>工匠</color>是特奥蒂瓦卡诺文明<color=255,255,0,255>工人</color>的替代，可以驻扎在一个城市，为其提供每回合两个文化点。"
16,TXT_KEY_UNIT_INDIAN_PUNJABI_WORKER,旁遮普工人,60,0,4,,,TXT_KEY_UNIT_INDIAN_PUNJABI_WORKER_STRATEGY
17,TXT_KEY_UNIT_YEMEN_ARCHITECT,也门建筑师,60,0,3,,,TXT_KEY_UNIT_YEMEN_ARCHITECT_STRATEGY
18,TXT_KEY_UNIT_NORTE_CHICO_AYLLU,艾柳,60,0,3,,﯆当你修建完成一处地域设施时首都+10ﬕ,TXT_KEY_UNIT_NORTE_CHICO_AYLLU_STRATEGY
19,TXT_KEY_UNIT_LABOURER,劳动者,60,0,3,工会( Labour_unions ),,"<color=255,255,0,255>工人</color>得到改进<color=255,255,0,255>工人</color>。他们可以建造<color=102,229,255,255>道路<color=102,229,255,255>，<color=102,229,255,255>铁路<color=102,229,255,255>，<color=102,229,255,255>农场<color=102,229,255,255>，<color=102,229,255,255>矿山<color=102,229,255,255>，<color=102,229,255,255>车间<color=102,229,255,255>，<color=102,229,255,255>伐木场<color=102,229,255,255>，<color=102,229,255,255>，<color=102,229,255,255>风车<color=102,229,255,255>，<color=102,229,255,255>水厂<color=102,229,255,255>，<color=102,229,255,255>种植园<color=102,229,255,255>，<color=102,229,255,255>采石场<color=102,229,255,255>，<color=102,229,255,255>牧场<color=102,229,255,255>，<color=102,229,255,255>营地<color=102,229,255,255>，<color=102,229,255,255>水井<color=102,229,255,255>，<color=102,229,255,255>酒厂<color=102,229,255,255>，<color=102,229,255,255>村舍<color=102,229,255,255>，<color=102,229,255,255>Forts<color=102,229,255,255>和<color=102,229,255,255>森林保留<color=102,229,255,255>，但速度更快。"
20,TXT_KEY_UNIT_BRAZILIAN_MADEIREIRO,巴西工人,60,0,3,工会( Labour_unions ),﯆移除丛林、雨林和森林时创造产量和黄金,"<color=255,255,0,255>伐木工人</color>是<color=255,255,0,255>劳工</color>的巴西替代品，它以<color=102,229,255,255>Woodsman II</color>促销活动开始，在砍伐丛林、雨林和森林时提供额外的黄金和产量。"
21,TXT_KEY_UNIT_SCOUT,侦察兵,15,2,3,鞣毛制造( Tanning ),,"组建<color=255,255,0,255>侦察兵</color>以探索未知地域；探访<color=102,229,255,255>部落村庄</color>时能获得更好的收获。但是他们不能用于攻击。"
22,TXT_KEY_UNIT_EXPLORER,探险家,40,4,3,地图学( Cartography ),,"组建<color=255,255,0,255>探险家</color>探索未知地域，相比<color=255,255,0,255>侦察兵</color>移动力更高；探访<color=102,229,255,255>部落村庄</color>时能获得更好的收获。但是他们不能用于攻击。"
23,TXT_KEY_UNIT_MALI_CARAVAN,马里商队,40,4,3,地图学( Cartography ),,"<color=255,255,0,255>贸易大篷车</color>，替代<color=255,255,0,255>Explorer</color>的马里人可以执行贸易任务。"
24,TXT_KEY_UNIT_PORTUGUESE_BANDEIRANTE,葡萄牙探险家,40,8,3,地图学( Cartography ),﯆保证捕获<link='UNIT_SLAVE'>从机</link>,"<color=255,255,0,255>Bandeirante</color>，葡萄牙人取代了<color=255,255,0,255>探险家</color>，拥有四个额外的力量点，可以攻击，可以从战斗中撤退，并保证捕获奴隶。"
25,TXT_KEY_UNIT_SPY,间谍,40,0,2,政治学( Politics ),,"组建<color=255,255,0,255>间谍</color>查探敌方领土。并可实施<color=102,229,255,255>谍报任务</color>。"
26,TXT_KEY_UNIT_TIWANAKU_SISQENO,希斯基诺,40,0,2,祭司制度( Priesthood ),"当驻扎在外国城市时首都每回合﯆+1<color=255,255,0,255>大预言家点</color>",TXT_KEY_UNIT_TIWANAKU_SISQENO_STRATEGY
27,TXT_KEY_UNIT_RELIGIOUS_PERSECUTOR,宗教裁判,80,0,3,宗教教条( Doctrine ),,宗教迫害者可以将非国家宗教从城市中移除。
28,TXT_KEY_UNIT_JEWISH_MISSIONARY,犹太教拉比,40,0,3,,,"使用此传教单位传播<color=102,229,255,255>犹太教</color>到友好城市（或对手的城市，如果双方<color=102,229,255,255>开放边界</color>）。如果拥有<color=204,204,216,255>所罗门圣殿</color>将可增加收入。"
29,TXT_KEY_UNIT_ORTHODOX_MISSIONARY,东正教传教士,40,0,3,,,"<color=255,255,0,255>传教士</color>（<color=255,255,0,255>东正教传教士</color>）可以在友好城市（或与您有</color>开放边界</color>的竞争城市）传播</color>正统观念。"
30,TXT_KEY_UNIT_CATHOLIC_MISSIONARY,天主教传教士,40,0,3,,,"<color=255,255,0,255>传教士</color>（<color=255,255,0,255>天主教传教士</color>）可以在友好城市（或与您有</color>开放边界</color>的竞争城市）传播</color>天主教</color>。"
31,TXT_KEY_UNIT_PROTESTANT_MISSIONARY,新教传教士,40,0,3,,,"<color=255,255,0,255>传教士</color>（<color=255,255,0,255>新教传教士</color>）可以在友好城市（或与您有</color>开放边界</color>的竞争城市）传播</color>新教</color>。"
32,TXT_KEY_UNIT_ISLAMIC_MISSIONARY,穆斯林阿訇,40,0,3,,,"使用此传教单位传播<color=102,229,255,255>伊斯兰教</color>到友好城市（或对手的城市，如果双方<color=102,229,255,255>开放边界</color>）。如果拥有<color=204,204,216,255>克尔白天房</color>将可增加收入。"
33,TXT_KEY_UNIT_HINDU_MISSIONARY,印度教宗师,40,0,3,,,"使用此传教单位传播<color=102,229,255,255>印度教</color>到友好城市（或对手的城市，如果双方<color=102,229,255,255>开放边界</color>）。如果拥有<color=204,204,216,255>印度教黄金殿</color>将可增加收入。"
34,TXT_KEY_UNIT_BUDDHIST_MISSIONARY,佛教僧人,40,0,3,,,"使用此传教单位传播<color=102,229,255,255>佛教</color>到友好城市（或对手的城市，如果双方<color=102,229,255,255>开放边界</color>）。如果拥有<color=204,204,216,255>大菩提寺</color>将可增加收入。"
35,TXT_KEY_UNIT_CONFUCIAN_MISSIONARY,儒士,40,0,3,,,"使用此传教单位传播<color=102,229,255,255>儒学</color>到友好城市（或对手的城市，如果双方<color=102,229,255,255>开放边界</color>）。如果拥有<color=204,204,216,255>孔庙</color>将可增加收入。"
36,TXT_KEY_UNIT_TAOIST_MISSIONARY,道士,40,0,3,,,"使用此传教单位传播<color=102,229,255,255>道教</color>到友好城市（或对手的城市，如果双方<color=102,229,255,255>开放边界</color>）。如果拥有<color=204,204,216,255>岱庙</color>将可增加收入。"
37,TXT_KEY_UNIT_ZOROASTRIAN_MISSIONARY,祆教祭司,40,0,3,,,"<color=255,255,0,255>Magi</color>（<color=255,255,0,255>琐罗亚斯德传教士</color>）可以在友好城市（或与您有</color>开放边界</color>的竞争城市）传播</color>琐罗亚斯德教</color>。"
38,TXT_KEY_UNIT_WARRIOR,勇士,15,2,2,,,"组建这种肉搏单位用于早期的城防，或护卫你的<color=255,255,0,255>移民</color>。组建成本较低但战斗力较弱，不可作为长久之计。"
39,TXT_KEY_UNIT_MILITIA,民兵,15,2,2,,,"<color=255,255,0,255>民兵</color>在城市有防御加成。"
40,TXT_KEY_UNIT_HARAPPA_CITY_GUARD,哈拉帕城市卫兵,15,2,2,,,"<color=255,255,0,255>City Guard</color>，哈拉帕人取代<color=255,255,0,255>民兵</color>，从<color=102,229,255,255>城市卫戍区I</color>开始。"
41,TXT_KEY_UNIT_POLYNESIA_KOA,波利尼西亚民兵,15,2,2,,,"<color=255,255,0,255>Koa</color>是波利尼西亚人对<color=255,255,0,255>民兵</color>的替代品，从<color=102,229,255,255>两栖</color>开始。"
42,TXT_KEY_UNIT_MISSISSIPPI_FALCON_DANCER,篝火舞者,15,3,2,,,TXT_KEY_UNIT_MISSISSIPPI_FALCON_DANCER_STRATEGY
43,TXT_KEY_UNIT_AXEMAN,斧兵,35,5,2,合金( Alloys ),,这种肉搏单位在对付其他肉搏单位时具有特殊战斗优势加成。
44,TXT_KEY_UNIT_LIGHT_SWORDSMAN,轻剑客,35,5,2,合金( Alloys ),,"<color=255,255,0,255>轻剑客</color>是基本的<color=255,255,0,255>近战单位</color>或古典时代。"
45,TXT_KEY_UNIT_SUMERIAN_VULTURE,兀鹫战士,35,4,2,合金( Alloys ),,"此种早期肉搏兵种是苏美尔的特色单位，替代<color=255,255,0,255>斧兵</color>，战斗力相当于<color=255,255,0,255>剑士</color>，并仍拥有针对肉搏单位的战斗加成。"
46,TXT_KEY_UNIT_NATIVE_AMERICAN_DOG_SOLDIER,安第斯战士,35,5,2,合金( Alloys ),,狗兵是一个野蛮人单位，从公元600-1800年在北美中部和安第斯山脉繁殖。
47,TXT_KEY_UNIT_EGYPT_KHOPESH,埃及斧剑兵,35,5,2,合金( Alloys ),,"<color=255,255,0,255>Khopesh</color>是埃及替代<color=255,255,0,255>轻剑客</color>，对<color=255,255,0,255>近战单位</color>有战斗加成。"
48,TXT_KEY_UNIT_SWORDSMAN,剑士,40,6,2,铁器( Bloomery ),,这是强大的早期肉搏单位，适合进攻城市。
49,TXT_KEY_UNIT_AZTEC_JAGUAR,美洲虎战士,35,6,2,合金( Alloys ),,"这是阿兹特克的特色肉搏单位（替代<color=255,255,0,255>剑士</color>），不需要拥有特殊资源，在<color=255,255,0,255>丛林</color>地形具有优势加成。"
50,TXT_KEY_UNIT_ROMAN_LEGION,罗马军团,45,8,2,铁器( Bloomery ),,"<color=255,255,0,255>军团</color>，罗马取代<color=255,255,0,255>剑客</color>，有两个额外的力量点，价格更高，可以建造<color=102,229,255,255>罗马道路</color>。"
51,TXT_KEY_UNIT_CELTIC_GALLIC_WARRIOR,高卢枪佣兵,40,5,2,铁器( Bloomery ),,"高卢战士是凯尔特人特有的强大肉搏单位（替代<color=255,255,0,255>剑士</color>），该单位天然拥有<color=102,229,255,255>游击一级</color>晋升，非常适宜丘陵防御作战。"
52,TXT_KEY_UNIT_INCAN_AUCAC,印加战士,35,5,2,采矿( Mining ),,"<color=255,255,0,255>印加战士</color>是<color=255,255,0,255>剑客</color>的印加替代品，需要<color=127,255,25,255>挖掘</color>技术，不需要<color=127,255,25,255>Bloomery</color>技术，不需要<color=102,229,255,255>铁</color>资源，对<color=102,229,255,255>射箭单位</color>和<color=102,229,255,255>近战单位</color>有战斗奖励，并从<color=102,229,255,255>战斗I</color>升级开始。"
53,TXT_KEY_UNIT_ETHIOPIAN_SHOTELAI,弯刀剑士,40,6,2,铁器( Bloomery ),,"埃塞俄比亚人取代<color=255,255,0,255>剑客</color>的<color=255,255,0,255>Shotelai</color>不需要<color=102,229,255,255>铁</color>资源，而是从<color=102,229,255,255>游击队I</color>提升。"
54,TXT_KEY_UNIT_HEAVY_SWORDSMAN,重剑手,70,8,2,文官制度( Civil_service ),,"<color=255,255,0,255>重剑手</color>攻击城市时有战斗奖励。"
55,TXT_KEY_UNIT_NOVGOROD_USHKUINIK,伏尔加河河盗(Ushkuinik),70,8,2,文官制度( Civil_service ),,TXT_KEY_UNIT_NOVGOROD_USHKUINIK_STRATEGY
56,TXT_KEY_UNIT_VISHAP_INFANTRY,亚美尼亚龙步兵,70,8,2,文官制度( Civil_service ),,TXT_KEY_UNIT_VISHAP_INFANTRY_STRATEGY
57,TXT_KEY_UNIT_JAPANESE_SAMURAI,日本武士,70,8,2,文官制度( Civil_service ),,"<color=255,255,0,255>日本武士</color>，日本人取代<color=255,255,0,255>重剑手</color>，从</color>领导层</color>晋升开始，不能用</color>铜</color>资源建立。"
58,TXT_KEY_UNIT_VIKING_HUSCARL,维京战士,70,8,2,文官制度( Civil_service ),,"<color=255,255,0,255>维京战士<color=255,255,0,255>，海盗取代<color=255,255,0,255>重剑手</color>，以<color=102,229,255,255>两栖</color>开始，攻击城市时有额外的攻击加成。"
59,TXT_KEY_UNIT_ARABIAN_GHAZI,阿拉伯重剑士,70,8,3,文官制度( Civil_service ),,"<color=255,255,0,255>阿拉伯重剑士</color>是<color=255,255,0,255>重剑手</color>的阿拉伯替代品，在攻击城市时有一个额外的移动点和额外的攻击加成。"
60,TXT_KEY_UNIT_CONGOLESE_POMBOS,刚果战士,70,8,2,文官制度( Civil_service ),,"刚果人取代<color=255,255,0,255>重剑手</color>，可以进入<color=102,229,255,255>丛林</color>、<color=102,229,255,255>雨林</color>和<color=102,229,255,255>沼泽</color>，对[COLOR_UNIT_REVERT]火药单位</color>有战斗奖励，并且不需要[COLOR_HIGHT_TEXT]铜</color>或[COLOR_HIGHT_TEXT]铁</color>资源。"
61,TXT_KEY_UNIT_GERMANY_DOPPELSOLDNER,杜普勒剑士,70,8,2,文官制度( Civil_service ),,"<color=255,255,0,255>Doppelsöldner</color>是神圣罗马帝国对<color=255,255,0,255>重型剑客</color>的替代品，首先是<color=102,229,255,255>冲击</color>和<color=102,229,255,255>阵型</color>促销活动。"
62,TXT_KEY_UNIT_TAMIL_KALLARANI,泰米尔重骑兵,70,8,2,文官制度( Civil_service ),,"<color=255,255,0,255>Kallarani</color>是泰米尔人对<color=255,255,0,255>重骑兵</color>的替代品，对<color=255,255,0,255>轻骑兵单位</color>和<color=255,255,0,255>重骑兵单位</color>有战斗加成。"
63,TXT_KEY_UNIT_SPEARMAN,矛兵,30,4,2,金属熔炼( Smelting ),,组建此类早期肉搏单位用于对付大量骑乘单位。
64,TXT_KEY_UNIT_GREEK_HOPLITE,希腊方阵步兵,30,5,2,金属熔炼( Smelting ),,"<color=255,255,0,255>希腊重装步兵</color>是<color=255,255,0,255>枪兵</color>的希腊替代品，它有一个额外的强度点，从<color=102,229,255,255>封面</color>和<color=102,229,255,255>休克</color>提升。"
65,TXT_KEY_UNIT_PHOENICIAN_SACRED_BAND,腓尼基矛兵,30,4,2,金属熔炼( Smelting ),,"<color=255,255,0,255>圣带</color>，腓尼基人取代<color=255,255,0,255>矛兵</color>，在攻防城市时有战斗奖励，并从[COLOR戋u HIGHLIGHT戋TEXT]两栖</color>升级开始。"
66,TXT_KEY_UNIT_PERSIAN_IMMORTAL,波斯长矛兵,20,4,2,金属熔炼( Smelting ),,"<color=255,255,0,255>波斯长矛兵</color>，波斯人取代了<color=255,255,0,255>长矛人</color>，对<color=255,255,0,255>弓箭手</color>有攻击加成，价格更便宜，并且从<color=102,229,255,255>三月</color>提升。"
67,TXT_KEY_UNIT_AZTEC_EAGLE,阿兹特克雄鹰战士,30,4,2,金属熔炼( Smelting ),,"<color=255,255,0,255>阿兹特克雄鹰战士</color>是阿兹特克替代<color=255,255,0,255>Spearman</color>，不需要任何资源，可以进入<color=102,229,255,255>雨林</color>和<color=102,229,255,255>丛林</color>，并具有第一次攻击。"
68,TXT_KEY_UNIT_MAYAN_BLOWGUNNER,玛雅吹箭手,30,4,2,金属熔炼( Smelting ),,"<color=255,255,0,255>Blowgunner</color>是玛雅人对<color=255,255,0,255>游击兵</color>的替代品，能够进入<color=102,229,255,255>丛林</color>和<color=102,229,255,255>雨林</color>，在最近的城市赢得战斗时为其提供食物，并有更高的机会退出战斗。"
69,TXT_KEY_UNIT_ZULU_IMPI,祖鲁矛兵,30,4,3,金属熔炼( Smelting ),,"祖鲁矛兵是祖鲁人特有的强大肉搏单位（替代<color=255,255,0,255>矛兵</color>），该单位天然拥有<color=102,229,255,255>机动能力</color>晋升，非常适宜对抗骑乘单位。"
70,TXT_KEY_UNIT_HEAVY_SPEARMAN,重矛兵,60,6,2,炼钢( Steel ),,"<color=255,255,0,255>重矛人</color>对<color=255,255,0,255>重骑兵</color>有战斗加成。"
71,TXT_KEY_UNIT_SCOTLAND_SHELTRON,苏格兰盾阵,60,6,2,炼钢( Steel ),,TXT_KEY_UNIT_SCOTLAND_SHELTRON_STRATEGY
72,TXT_KEY_UNIT_BURMA_KYUNDAW,缅甸重矛兵,50,6,2,炼钢( Steel ),,"<color=255,255,0,255>缅甸重矛兵</color>是缅甸替代<color=255,255,0,255>重矛兵</color>的替代品，更便宜，可以进入<color=102,229,255,255>丛林</color>，<color=102,229,255,255>雨林</color>，和<color=102,229,255,255>沼泽地</color>，从<color=102,229,255,255>掠夺 I</color>提升开始，并在<color=102,229,255,255>雨林</color>中获得攻击加成。"
73,TXT_KEY_UNIT_INDONESIA_BAMBOO_RUNCING,竹枪兵,60,6,2,炼钢( Steel ),,"<color=255,255,0,255>Bamboo Runcing</color>是印尼替代<color=255,255,0,255>Heavy Spearman</color>，可以进入<color=102,229,255,255>雨林</color>和<color=102,229,255,255>丛林</color>，第一次出击，从<color=102,229,255,255>Drill I</color>开始。"
74,TXT_KEY_UNIT_KHMER_PHAKAK,高棉矛兵,60,6,2,炼钢( Steel ),,"<color=255,255,0,255>Phak'ak</color>是高棉人<color=255,255,0,255>重型矛兵</color>的替代品，可以进入<color=102,229,255,255>雨林</color>和<color=102,229,255,255>丛林</color>，并从<color=102,229,255,255>Woodsman I</color>开始。"
75,TXT_KEY_UNIT_KIEVAN_RUS_DRUZHINA,基辅罗斯重矛兵,60,6,2,炼钢( Steel ),,TXT_KEY_UNIT_KIEVAN_RUS_DRUZHINA_STRATEGY
76,TXT_KEY_UNIT_PIKEMAN,长枪兵,80,8,2,公司制( Companies ),,此种肉搏单位对骑乘单位具有特殊优势加成。
77,TXT_KEY_UNIT_HOLY_ROMAN_LANDSKNECHT,自由佣兵,80,8,2,公司制( Companies ),,"此种强力肉搏兵种是神圣罗马的特色单位，替代<color=255,255,0,255>长枪兵</color>，对骑乘单位和肉搏单位均有战斗加成。"
78,TXT_KEY_UNIT_BYZANTIUM_TAGMATA,皇家禁卫军,80,8,2,公司制( Companies ),,"<color=255,255,0,255>Tagmata</color>是拜占庭人<color=255,255,0,255>长矛</color>的替代品，在防御城市时会获得奖励。"
79,TXT_KEY_UNIT_JAPAN_ASHIGARU,足轻,80,8,2,公司制( Companies ),,"<color=255,255,0,255>Ashigaru</color>是日本取代<color=255,255,0,255>长矛</color>的产品，首先是<color=102,229,255,255>领导层</color>的提升。"
80,TXT_KEY_UNIT_TIBET_DOB_DOB,吐蕃僧兵,80,8,2,公司制( Companies ),,"<color=255,255,0,255>Dob Dob</color>是藏语对<color=255,255,0,255>长矛</color>的替代品，从<color=102,229,255,255>Medic I</color>开始。"
81,TXT_KEY_UNIT_ZIMBABWE_ROZWI_WARRIOR,罗兹维矛兵,80,8,2,公司制( Companies ),,"<color=255,255,0,255>罗兹维矛兵</color>是津巴布韦替代<color=255,255,0,255>长矛</color>的产品，能够进入<color=102,229,255,255>丛林</color>，<color=102,229,255,255>雨林</color>和<color=102,229,255,255>Marsh</color>，对<color=255,255,0,255>火药单位</color>有战斗加成，并且不需要<color=102,229,255,255>铁</color>资源。"
82,TXT_KEY_UNIT_ARQUEBUSIER,火绳枪兵,70,10,2,热兵器军队( Firearms ),,葡萄牙火绳枪兵是第一个可用的火药单位。
83,TXT_KEY_UNIT_CHINESE_FIRELANCER,神机营,70,10,2,火药( Gunpowder ),,"<color=255,255,0,255>火枪手</color>，中国人取代<color=255,255,0,255>火枪手</color>，需要[COLOR U TECH U TEXT]火药</color>而不是[COLOR U TECH U TEXT]枪械</color>，力量点减少一点，造成附带伤害。"
84,TXT_KEY_UNIT_SPANISH_TERCIO,西班牙火枪手,70,10,2,热兵器军队( Firearms ),,"<color=255,255,0,255>西班牙大方阵</color>是<color=255,255,0,255>Arquebusier</color>的西班牙语替代品，它以<color=102,229,255,255>夹点</color>和<color=102,229,255,255>形成</color>提升。"
85,TXT_KEY_UNIT_RUSSIAN_STRELETS,射击军,70,10,3,热兵器军队( Firearms ),,"<color=255,255,0,255>俄国射击军</color>，俄国人取代<color=255,255,0,255>Arquebusier</color>，有一个额外的移动点，以<color=102,229,255,255>城市卫戍I</color>提升。"
86,TXT_KEY_UNIT_OTTOMAN_JANISSARY,苏丹亲兵,70,10,2,热兵器军队( Firearms ),,"苏丹亲兵是奥斯曼人特有的早期火器单位（替代<color=255,255,0,255>火枪手</color>），该单位非常适宜对抗肉搏、投射类以及骑乘类单位。"
87,TXT_KEY_UNIT_OROMO_WARRIOR,奥罗莫火枪手,70,10,2,热兵器军队( Firearms ),,奥罗莫火枪手是公元1500年至1700年在非洲繁殖的野蛮人。
88,TXT_KEY_UNIT_IRANIAN_QIZILBASH,伊朗火枪兵,70,10,2,热兵器军队( Firearms ),,"伊朗的<color=255,255,0,255> 齐齐尔巴什 </color>，是<color=255,255,0,255> 火绳枪兵 </color>的伊朗人替代品。"
89,TXT_KEY_UNIT_IROQUOIS_MOHAWK,北美火枪手,70,10,2,热兵器军队( Firearms ),,莫霍克是一个野蛮人单位，公元1500年至1850年在北美西部繁殖。
90,TXT_KEY_UNIT_PORTUGAL_BANDEIRANTES,班代兰特征服者,70,10,3,热兵器军队( Firearms ),,"<color=255,255,0,255>Bandeirantes</color>是葡萄牙语替代<color=255,255,0,255>Arquebusier</color>的速度更快，忽略了地形移动成本，可以进入<color=102,229,255,255>雨林</color>，<color=102,229,255,255>丛林</color>和<color=102,229,255,255>沼泽</color>只从部落村庄获得正加值。"
91,TXT_KEY_UNIT_MUSKETEER,火枪手,90,12,2,可更换部件( Replaceable_parts ),,"<color=255,255,0,255>火枪手</color>不需要特殊资源。"
92,TXT_KEY_UNIT_ENGLISH_REDCOAT,皇家来复枪兵,90,12,2,可更换部件( Replaceable_parts ),,"这种强大的火器近战部队（英国用以取代<color=255,255,0,255>来复枪兵</color>）在攻击骑乘单位及其他火器部队时可以得到一定加成。"
93,TXT_KEY_UNIT_GERMAN_FUSILIER,燧发枪兵,90,12,2,可更换部件( Replaceable_parts ),,"<color=255,255,0,255>燧发枪兵</color>，普鲁士取代<color=255,255,0,255>火枪手</color>，以<color=102,229,255,255>钻一</color>和<color=102,229,255,255>钻二</color>提升。"
94,TXT_KEY_UNIT_SWEDEN_KAROLIN,卡罗林枪手,100,12,2,可更换部件( Replaceable_parts ),,"<color=255,255,0,255>卡罗林枪手</color>是瑞典人对<color=255,255,0,255>滑膛枪手</color>的替代品，免费获得<color=102,229,255,255>钻取I</color>和<color=102,229,255,255>沼泽活动</color>升级活动。"
95,TXT_KEY_UNIT_AMERICAN_MINUTEMAN,一分钟人,75,12,2,可更换部件( Replaceable_parts ),,一分钟人是美国文明的特色单位，替代来复枪兵。只需花费等同于火枪手的产能即可生产他们。
96,TXT_KEY_UNIT_CHAD_IRON_HELMET,铁盔,90,12,2,可更换部件( Replaceable_parts ),+2经验 对于每个有相同的国家宗教信仰，更强大的军队，友好或更好的关系的文明,TXT_KEY_UNIT_CHAD_IRON_HELMET_STRATEGY
97,TXT_KEY_UNIT_RIFLEMAN,来复枪兵,120,16,2,弹道学( Ballistics ),,"训练这种中等战力的火器部队可以有效地对抗<color=255,255,0,255>近代骑兵</color>等骑乘单位。"
98,TXT_KEY_UNIT_ETHIOPIAN_MEHAL_SEFARI,埃塞尔比亚步枪手,120,16,2,弹道学( Ballistics ),,"<color=255,255,0,255>Mehal Sefari</color>，埃塞俄比亚取代<color=255,255,0,255>步枪兵</color>，从<color=102,229,255,255>Drill I</color>和<color=102,229,255,255>Drill II</color>提升。"
99,TXT_KEY_UNIT_THAI_MAHARDLEK,泰国步兵,120,16,2,弹道学( Ballistics ),,"<color=255,255,0,255>Mahardlek</color>是泰国替代<color=255,255,0,255>步枪兵</color>的泰语版本，从<color=102,229,255,255>Woodsman I</color>开始。"
100,TXT_KEY_UNIT_GRENADIER,掷弹兵,100,10,2,化学( Chemistry ),,"训练这种中等战力的火器部队可以有效地对抗拥有大量<color=255,255,0,255>来复枪兵</color>的部队。"
101,TXT_KEY_UNIT_TAMIL_ROCKETEER,泰米尔火弹兵,100,12,2,化学( Chemistry ),,"<color=255,255,0,255>火箭兵</color>，泰米尔人代替<color=255,255,0,255>掷弹兵</color>，有两个额外的力量点，并对另外两个单位造成附带伤害。"
102,TXT_KEY_UNIT_HOLY_ROMAN_GRENZER,奥地利边防军,80,8,2,地理学( Geography ),,"<color=255,255,0,255>奥地利边防军</color>，神圣罗马取代<color=255,255,0,255>掷弹机</color>，需要<color=127,255,25,255>地理</color>，而不是<color=127,255,25,255>化学</color>，从<color=102,229,255,255>游击队I</color>和<color=102,229,255,255>脱离I</color>提升。"
103,TXT_KEY_UNIT_COLOMBIAN_ALBION_LEGION,不列颠志愿兵,100,12,3,化学( Chemistry ),,作为掷弹兵的替代兵种，移动力和攻城能力更强。
104,TXT_KEY_UNIT_DUTCH_GARDIST,荷兰掷弹兵,100,10,2,化学( Chemistry ),,"<color=255,255,0,255>加德斯特</color>，荷兰替代<color=255,255,0,255>掷弹兵</color>，对<color=255,255,0,255>火药单位</color>有战斗加成。"
105,TXT_KEY_UNIT_IRAN_NAFFATUN,拿法掷弹兵,100,10,2,化学( Chemistry ),,"<color=255,255,0,255>那法掷油兵</color>，伊朗替代<color=255,255,0,255>榴弹兵</color>造成更多的附带伤害。"
106,TXT_KEY_UNIT_AT_INFANTRY,反坦克步兵,120,14,2,火箭( Rocketry ),,"此种后期火器单位组建成本低廉，专用于克制装甲单位，并天然拥有<color=102,229,255,255>伏击能力</color>晋升。"
107,TXT_KEY_UNIT_INFANTRY,现代步兵,140,20,2,社会服务( Social_services ),,这种部队是第一种现代军事单位，可以对抗大量火器部队。
108,TXT_KEY_UNIT_ITALIAN_BERSAGLIERE,意大利神射手军团,140,20,3,社会服务( Social_services ),,"<color=255,255,0,255>Bersagliere</color>，意大利语中的<color=255,255,0,255>步兵</color>有一个额外的移动点。"
109,TXT_KEY_UNIT_ARGENTINA_PATRICIOS,阿根廷帕特里西奥斯兵团,140,20,2,社会服务( Social_services ),,"<color=255,255,0,255>Patricios</color>是阿根廷取代<color=255,255,0,255>步兵</color>的产品，从<color=102,229,255,255>训练I</color>开始。"
110,TXT_KEY_UNIT_MEXICO_EJERCITO,制宪军,140,20,2,社会服务( Social_services ),,"<color=255,255,0,255>Ejercito compustcionalista</color>是墨西哥替代<color=255,255,0,255>步兵</color>的战斗加成。"
111,TXT_KEY_UNIT_MUGHAL_SEPOY,莫卧儿步兵,140,20,2,社会服务( Social_services ),,"<color=255,255,0,255>Sepoy</color>，莫卧儿帝国的<color=255,255,0,255>步兵</color>的替代品，从1-2次先发制人开始。"
112,TXT_KEY_UNIT_AUSTRALIAN_DIGGER,澳新军团,140,20,2,社会服务( Social_services ),,"<color=255,255,0,255>澳新军团</color>，澳大利亚替代<color=255,255,0,255>步兵</color>，首先是<color=102,229,255,255>演练I</color>推广。"
113,TXT_KEY_UNIT_SAM_INFANTRY,防空步兵,150,18,2,激光( Laser ),,这种火器近战部队装备有地对空导弹，这使他们在同飞行器和直升机作战时获得加成。可以将它们与易受空中打击的其他部队部署在一起。
114,TXT_KEY_UNIT_MOBILE_SAM,防空导弹车,240,22,3,机器人( Robotics ),,"<color=255,255,0,255>防空导弹车</color>是最有效的陆基防空武器。专门用于拦截敌方固定翼飞机，或是对付<color=255,255,0,255>武装直升机</color>。"
115,TXT_KEY_UNIT_MARINE,海军陆战队,175,24,2,全球化思潮( Globalism ),,"训练这种强大的现代步兵可对抗<color=255,255,0,255>炮兵</color>和<color=255,255,0,255>重机枪</color>。它天生拥有<color=102,229,255,255>两栖作战</color>晋升，因此可以用它们从船上攻击，或跨河攻击。"
116,TXT_KEY_UNIT_AMERICAN_NAVY_SEAL,海豹突击队,160,24,2,全球化思潮( Globalism ),,"这种强大的现代陆战单位（美国用以取代<color=255,255,0,255>海军陆战队</color>）在对抗<color=255,255,0,255>火炮</color>和<color=255,255,0,255>重机枪</color>时可获得加成奖励。它天生具有<color=102,229,255,255>两栖作战</color>和<color=102,229,255,255>长途行军</color>晋升。"
117,TXT_KEY_UNIT_BRAZIL_GUARDA_NACIONAL,巴西国民警卫队,160,24,2,全球化思潮( Globalism ),,"<color=255,255,0,255>Guarda Nacional</color>是巴西取代<color=255,255,0,255>海军陆战队</color>的巴西单位，在防守城市时会获得奖励。"
118,TXT_KEY_UNIT_PARATROOPER,伞兵,175,24,2,雷达技术( Radar ),,"<color=255,255,0,255>伞兵</color>是出现于游戏后期的火器单位，能够在航程范围内<color=102,229,255,255>空降</color>至任何已探明的敌方地域。要注意敌方空军的动向，伞兵执行空降任务时可能遭到拦截。"
119,TXT_KEY_UNIT_MECHANIZED_INFANTRY,机械化步兵,200,32,3,移动通信( Telecommunications ),,"最强大的火器部队。较其他步兵移动更快，有一定几率拦截对方的飞行器。天生具有<color=102,229,255,255>长途行军</color>晋升"
120,TXT_KEY_UNIT_ARCHER,弓手,25,3,2,鞣毛制造( Tanning ),,这种原始的射击部队是最初期用来防御你的城市的明智选择。它有机会获得1个先发打击点数，在城市和丘陵地带可获得额外防御加成。
121,TXT_KEY_UNIT_BABYLONIAN_ASHARITTU_BOWMAN,巴比伦长弓手,25,3,2,鞣毛制造( Tanning ),,"<color=255,255,0,255> 阿沙里图长弓手 </color>是<color=255,255,0,255> Archer </color>的巴比伦替代品，在攻击敌方单位时会造成附带伤害。"
122,TXT_KEY_UNIT_NUBIAN_MEDJAY,埃及守护者,25,4,2,鞣毛制造( Tanning ),,"<color=255,255,0,255>守护者</color>是公元前800年至公元1300年在埃及诞生的野蛮人单位。"
123,TXT_KEY_UNIT_WARI_PICTA_AUCAC,瓦里弓箭手,30,3,2,鞣毛制造( Tanning ),,TXT_KEY_UNIT_WARI_PICTA_AUCAC_STRATEGY
124,TXT_KEY_UNIT_SKIRMISHER,标枪兵,30,4,2,契约精神( Contract ),,"<color=255,255,0,255>标枪兵</color>有一次先发打击，可以退出战斗，造成附带伤害并且在</color>山</color>、</color>森林</color>和</color>雨林</color>有攻击加成。"
125,TXT_KEY_UNIT_MAYAN_HOLKAN,霍坎战士,30,3,2,金属熔炼( Smelting ),﯆击败敌军时获得ﬄ,"玛雅人取代<color=255,255,0,255>玛雅战士</color>的<color=255,255,0,255>霍尔坎</color>，能够进入<color=102,229,255,255>丛林</color>和<color=102,229,255,255>雨林</color>，在赢得战斗时向最近的城市提供食物，并且有更高的机会退出战斗。"
126,TXT_KEY_UNIT_MANDE_KELEBOLO,马里游击兵,30,5,2,契约精神( Contract ),,"在沙漠和对抗近战单位的战斗中，马里取代了游击兵</color>，并且能够进入</color>丛林</color>，<color=102,229,255,255>雨林<color=102,229,255,255>和沼泽<color=102,229,255,255>。"
127,TXT_KEY_UNIT_CHIMU_SC_AUCAC,奇穆标枪手,30,4,2,契约精神( Contract ),,"<color=255,255,0,255>标枪兵</color>有一次先发打击，可以退出战斗，造成附带伤害并且在</color>山</color>、</color>森林</color>和</color>雨林</color>有攻击加成。"
128,TXT_KEY_UNIT_MUISCA_GUECHA_WARRIOR,格杀勇士,30,5,2,私有制( Property ),,TXT_KEY_UNIT_MUISCA_GUECHA_WARRIOR_STRATEGY
129,TXT_KEY_UNIT_LONGBOWMAN,长弓手,60,6,2,公社( Commune ),,"这种强大的投射部队在防御城市和丘陵时可获得一定防御加成。训练它们来取代你过时的<color=255,255,0,255>弓箭手</color>和<color=255,255,0,255>马里突击手</color>"
130,TXT_KEY_UNIT_INDIAN_PATIYODHA,印度长弓手,50,5,2,贵族( Nobility ),,"<color=255,255,0,255>Patiyodha</color>，印度替代<color=255,255,0,255>Longbowman</color>，需要<color=127,255,25,255>贵族</color>，而不是<color=127,255,25,255>公社</color>，力量点更少，价格更低，在攻击<color=102,229,255,255>丛林</color>和<color=102,229,255,255>雨林</color>时有战斗奖励，能够进入<color=102,229,255,255>丛林</color>和<color=102,229,255,255>雨林</color>，并以<color=102,229,255,255>阵型</color>和<color=102,229,255,255>伍德斯曼I</color>促销活动开始。"
131,TXT_KEY_UNIT_CONGO_NGOLO,刚果长弓手,60,6,2,公社( Commune ),,"<color=255,255,0,255>Embamba Ngolo</color>是刚果人取代<color=255,255,0,255>长弓人</color>的先发制人。"
132,TXT_KEY_UNIT_INCA_SLINGER,印加长弓手,60,6,2,封建制度( Feudalism ),,"<color=255,255,0,255>Huaraca</color>是印加语对<color=255,255,0,255>长弓人</color>的替代品，需要<color=127,255,25,255>封建主义</color>技术，不需要<color=127,255,25,255>公社</color>技术。"
133,TXT_KEY_UNIT_RATTAN_ARCHER,藤弓手,60,6,2,公社( Commune ),,"<color=255,255,0,255>藤弓手</color>，越南替代<color=255,255,0,255>长弓手</color>，有额外的第一次打击，有更高的撤退机会，并对更多单位造成附带伤害。"
134,TXT_KEY_UNIT_CROSSBOWMAN,弩手,50,6,2,机械( Machinery ),,"这是一种强大的投射部队，在对抗肉搏部队时获有加成。将这些部队与<color=255,255,0,255>长枪兵</color>和<color=255,255,0,255>钉锤手</color>混编时可获得很强的综合战力。"
135,TXT_KEY_UNIT_CHINESE_CHOKONU,诸葛弩,50,6,2,手工业( Artisanry ),,"<color=255,255,0,255>诸葛弩</color>是<color=255,255,0,255>弩手</color>的中国替代品，它有额外的第一一击，并造成附带伤害。"
136,TXT_KEY_UNIT_ITALIAN_BALESTRIERE,热那亚弩手,50,6,2,机械( Machinery ),,"<color=255,255,0,255>意大利弩手</color>是<color=255,255,0,255>弩手</color>的意大利替代品，它有一个额外的第一次攻击，并以<color=102,229,255,255>两栖</color>提升。"
137,TXT_KEY_UNIT_CHARIOT,战车,30,4,3,简单机械( Leverage ),,当你关注行军的速度时，可以训练这种最原始的骑乘单位，但记住使他们一直保持进攻，因为它们无法获得防御加成。
138,TXT_KEY_UNIT_EGYPTIAN_WARCHARIOT,埃及战车,30,5,3,简单机械( Leverage ),,"<color=255,255,0,255>战车</color>，埃及替代<color=255,255,0,255>战车</color>，有一个额外的力量点，对第一次攻击免疫，并以<color=102,229,255,255>沙漠适应</color>提升。"
139,TXT_KEY_UNIT_HITTITE_HULUGANNI,赫梯战车,25,5,3,简单机械( Leverage ),,赫梯战车[COLOR_return]是一个野蛮人单位，在公元前2000年到公元前800年在小亚细亚繁殖。
140,TXT_KEY_UNIT_CELTIC_CIDAINH,希丹,30,4,2,简单机械( Leverage ),,"<color=255,255,0,255>Cidainh</color>是一个在高卢漫游的野蛮人单位。"
141,TXT_KEY_UNIT_PERSIA_SCYTHED_CHARIOT,波斯镰刀战车,30,4,3,简单机械( Leverage ),,"<color=255,255,0,255>镰刀战车</color>，波斯语替代<color=255,255,0,255>战车</color>，对<color=255,255,0,255>近战单位</color>有战斗加成。"
142,TXT_KEY_UNIT_HORSEMAN,骑手,50,6,3,骑术( Riding ),,"<color=255,255,0,255>骑兵<color=255,255,0,255>不获得防御奖励，可以退出战斗，在城市中受到战斗惩罚，对<color=255,255,0,255>攻城单位<color=255,255,0,255>有奖励，对<color=255,255,0,255>弹射器单位有侧翼攻击。"
143,TXT_KEY_UNIT_GREEK_COMPANION,希腊骑兵,50,6,3,骑术( Riding ),,"<color=255,255,0,255>希腊骑兵</color>，[COLOR U TEXT]骑兵</color>的希腊替代品，在攻击城市时没有战斗惩罚，并以<color=102,229,255,255>三月</color>和<color=102,229,255,255>闪电战</color>提升。"
144,TXT_KEY_UNIT_PHOENICIAN_NUMIDIAN_CAVALRY,努米迪亚骑兵,50,6,3,骑术( Riding ),,"努米迪亚骑兵</color>，腓尼基人代替</color>骑兵，攻击城市时没有战斗惩罚，对<color=102,229,255,255>近战单位</color>有战斗奖励，并从<color=102,229,255,255>脱离I</color>和<color=102,229,255,255>沙漠适应</color>升级开始。"
145,TXT_KEY_UNIT_KUSHAN_ASVAKA,伊朗骑兵,50,6,3,骑术( Riding ),,"<color=255,255,0,255>Asvaka</color>是公元30年至220年在中亚繁衍的野蛮人单位。"
146,TXT_KEY_UNIT_XIONGNU_GULI,谷蠡,50,6,3,骑术( Riding ),,TXT_KEY_UNIT_XIONGNU_GULI_STRATEGY
147,TXT_KEY_UNIT_CAMEL_RIDER,骆驼骑兵,50,5,3,骑术( Riding ),,"<color=255,255,0,255>骆驼骑兵<color=255,255,0,255>不获得防御奖励，可以退出战斗，在城市受到战斗惩罚，对<color=255,255,0,255>攻城单位<color=255,255,0,255>和<color=255,255,0,255>重骑兵单位<color=255,255,0,255>有奖励，对<color=255,255,0,255>弹弓单位进行侧翼攻击，在<color=102,229,255,255>沙漠</color>中获得战斗奖励，并从<color=102,229,255,255>沙漠适应</color>升级开始。"
148,TXT_KEY_UNIT_HORSE_ARCHER,骑射手,70,6,3,贵族( Nobility ),,这种骑乘单位在早期是十分强大的，尤其擅长对抗装备投石机的敌军部队。
149,TXT_KEY_UNIT_MONGOLIAN_MANGUDAI,蒙古突骑,70,8,4,贵族( Nobility ),,"蒙古语替代的<color=255,255,0,255>马弓箭手</color>，有两个额外的力量点和一个额外的移动点。"
150,TXT_KEY_UNIT_TIBETAN_KHAMPA,康藏骑兵,70,6,3,贵族( Nobility ),,"<color=255,255,0,255>坎帕</color>，藏人代替<color=255,255,0,255>马弓箭手</color>，能够进入<color=102,229,255,255>丛林</color>和<color=102,229,255,255>雨林</color>，可以探索敌对领土，在攻击城市时有攻击加成。"
151,TXT_KEY_UNIT_TURKIC_OGHUZ,土库曼骑兵,50,6,4,贵族( Nobility ),,"土库曼骑兵取代了马弓箭手奥古兹</color>，开始于3月<color=102,229,255,255>的晋升，拥有隐藏的国籍，可以攻击其他文明的单位而不宣战。"
152,TXT_KEY_UNIT_MOORS_BERBER_CAVALRY,柏柏尔骑兵,70,6,3,贵族( Nobility ),,"<color=255,255,0,255>柏柏尔骑兵</color>，摩尔人替代<color=255,255,0,255>马弓箭手</color>，不受第一次攻击，并且有更大的撤退机会。"
153,TXT_KEY_UNIT_CAMEL_ARCHER,骆驼射手,70,5,3,贵族( Nobility ),,"<color=255,255,0,255>骆驼弓箭手<color=255,255,0,255>不获得防御加成，可以退出战斗，在开阔地形上有战斗加成，对<color=255,255,0,255>重骑兵单位有加成，在<color=102,229,255,255>沙漠</color>中获得战斗奖励，并从<color=102,229,255,255>沙漠适应</color>升级开始。"
154,TXT_KEY_UNIT_ARABIAN_CAMEL_ARCHER,骆驼射手,90,8,3,贵族( Nobility ),,"<color=255,255,0,255>阿拉伯骆驼射手</color>, 阿拉伯的UU，替代 <color=255,255,0,255>骆驼骑射手</color>, 免疫首发打击, 需要 <color=102,229,255,255>骆驼资源</color> 而不是<color=102,229,255,255>马资源</color>, 不需要 <color=102,229,255,255>铁资源</color>, 在 <color=102,229,255,255>沙漠</color> 有战斗加成，自动晋升 <color=102,229,255,255>沙漠适应</color> ."
155,TXT_KEY_UNIT_LANCER,骑兵,100,10,3,封建制度( Feudalism ),,"<color=255,255,0,255>骑兵<color=255,255,0,255>对第一次攻击免疫，不获得防御奖励，在城市有战斗惩罚，并且对<color=255,255,0,255>弹射器<color=255,255,0,255>和<color=255,255,0,255>投石机<color=255,255,0,255>单位有侧翼攻击。"
156,TXT_KEY_UNIT_IRON_PAGODA,铁浮屠,100,11,3,封建制度( Feudalism ),,TXT_KEY_UNIT_IRON_PAGODA_STRATEGY
157,TXT_KEY_UNIT_INDIAN_VARU,印度象兵,120,12,2,封建制度( Feudalism ),,"<color=255,255,0,255>瓦鲁</color>，印第安人取代<color=255,255,0,255>战象</color>，需要<color=102,229,255,255>象牙</color>，而不是<color=102,229,255,255>马</color>，更贵，有两个额外的力量点和一个较少的移动点，能够进入<color=102,229,255,255>丛林</color>和<color=102,229,255,255>雨林</color>，并且对<color=255,255,0,255>重骑兵</color>有战斗加成。"
158,TXT_KEY_UNIT_PERSIAN_SAVARAN,波斯骑兵,80,8,3,指挥学( Generalship ),,"<color=255,255,0,255>萨瓦兰</color>，波斯人取代<color=255,255,0,255>柳叶刀</color>，需要 <color=127,255,25,255>将军</color>，而不是 <color=127,255,25,255>封建主义</color>，有两个较少的力量点和没有战斗惩罚时攻击城市。"
159,TXT_KEY_UNIT_ARABIAN_MOBILE_GUARD,阿拉伯骑兵,100,10,3,封建制度( Feudalism ),,"<color=255,255,0,255>移动卫兵</color>是<color=255,255,0,255>Lancer</color>的阿拉伯替代品，不需要[COLOR戋u HIGHLIGHT戋TEXT]铁</color>资源，可以退出战斗，攻击城市时不受战斗惩罚。"
160,TXT_KEY_UNIT_MONGOLIAN_KESHIK,蒙古怯薛,100,10,4,封建制度( Feudalism ),,"<color=255,255,0,255>克什克<color=255,255,0,255>，蒙古人代替<color=255,255,0,255>长矛<color=255,255,0,255>不需要<color=255,255,0,255>铁<color=255,255,0,255>资源，有额外的移动点，造成附带伤害，有第一次打击，并且在攻击城市时获得战斗加成。"
161,TXT_KEY_UNIT_BYZANTINE_CATAPHRACT,重甲骑兵,100,10,3,贵族( Nobility ),,"<color=255,255,0,255>重甲骑兵</color>是拜占庭的特色单位，替代<color=255,255,0,255>骑士</color>，战斗力更强，但是不对先发打击免疫。"
162,TXT_KEY_UNIT_THAI_CHANG_SUEK,暹罗战象,100,10,3,封建制度( Feudalism ),,"<color=255,255,0,255>暹罗战象</color>，泰国替代<color=255,255,0,255>柳叶刀</color>，需要<color=102,229,255,255>象牙</color>，而不是<color=102,229,255,255>马</color>，不需要<color=102,229,255,255>铁</color>，能够进入<color=102,229,255,255>丛林</color>和<color=102,229,255,255>雨林</color>，对<color=255,255,0,255>重骑兵单位</color>有战斗加成，对<color=255,255,0,255>火箭炮单位</color>和<color=255,255,0,255>火枪手单位</color>有攻击加成。"
163,TXT_KEY_UNIT_MAMLUK_ROYAL_MAMLUK,皇家马穆鲁克,100,10,3,封建制度( Feudalism ),,"皇家马穆鲁克<color=255,255,0,255>皇家马穆鲁克</color>，马穆鲁克替代<color=255,255,0,255>骑兵</color>对<color=255,255,0,255>轻型骑兵单位</color>和<color=255,255,0,255>重型骑兵单位</color>有战斗加成，并以<color=102,229,255,255>沙漠适应</color>开始。"
164,TXT_KEY_UNIT_NIGERIA_YAN_LIFIDA,尼日利亚重骑兵,100,10,3,封建制度( Feudalism ),,"<color=255,255,0,255>尼日利亚重骑兵</color>是尼日利亚替代<color=255,255,0,255>骑兵</color>的，不需要<color=102,229,255,255>铁</color>资源，可以进入<color=102,229,255,255>丛林</color>和<color=102,229,255,255>雨林</color>并获得防御加成"
165,TXT_KEY_UNIT_HUNGARY_HUSZAR,马扎尔轻骑兵,100,10,4,封建制度( Feudalism ),,TXT_KEY_UNIT_HUNGARY_HUSZAR_STRATEGY
166,TXT_KEY_UNIT_MANDE_FARARI,法拉里骑兵,100,9,3,封建制度( Feudalism ),,"<color=255,255,0,255>法拉利</color>是一个野蛮人单位，在公元450年至1700年的撒哈拉沙漠中繁殖。"
167,TXT_KEY_UNIT_FRANCE_CHEVALIER,法兰西圣骑士,100,10,3,封建制度( Feudalism ),,"<color=255,255,0,255>骑士</color>骑士<color=255,255,0,255>兰瑟</color>的法国替代品，对<color=255,255,0,255>重骑兵单位</color>和<color=255,255,0,255>轻骑兵单位</color>有战斗加成。"
168,TXT_KEY_UNIT_SELJUK_GHULAM_WARRIOR,古拉姆战士,100,10,3,封建制度( Feudalism ),,"<color=255,255,0,255>Ghulam Warrior</color>，<color=255,255,0,255>长矛</color>的塞尔柱替代品，不需要<color=102,229,255,255>铁</color>资源，可以退出战斗，对<color=255,255,0,255>长矛兵</color>和<color=255,255,0,255>Lancer</color>单位有战斗加成，且不能升级。"
169,TXT_KEY_UNIT_LITHUANIAN_VYTIS,立陶宛骑士,100,10,3,封建制度( Feudalism ),﯆中古时代结束前与异教徒作战时+25% 战斗力,TXT_KEY_UNIT_LITHUANIAN_VYTIS_STRATEGY
170,TXT_KEY_UNIT_PISTOLIER,手枪骑兵,80,8,3,热兵器军队( Firearms ),,"<color=255,255,0,255>手枪手</color>对第一次攻击免疫，不接受防御加成，可以退出战斗，在开阔地形上有战斗加成，并且对<color=255,255,0,255>弹射器</color>，<color=255,255,0,255>投石机</color>，<color=255,255,0,255>轰炸</color>和<color=255,255,0,255>加农炮</color>单位。"
171,TXT_KEY_UNIT_SIOUX_MOUNTED_BRAVE,印第安骑兵,80,8,3,热兵器军队( Firearms ),,"<color=255,255,0,255>印第安骑兵</color>是一个野蛮人单位，在公元1700年至1900年在北美中部繁衍。"
172,TXT_KEY_UNIT_ETHIOPIA_SAVANNA_HUNTER,埃塞尔比亚手枪骑兵,80,8,3,热兵器军队( Firearms ),,"<color=255,255,0,255>Savanna Hunter</color>，埃塞俄比亚替代<color=255,255,0,255>手枪式骑兵</color>，可以进入<color=102,229,255,255>雨林</color>和<color=102,229,255,255>丛林</color>并从<color=102,229,255,255>移动性</color>和<color=102,229,255,255>Sentry</color>促销活动开始。"
173,TXT_KEY_UNIT_CAMEL_GUNNER,骆驼枪手,80,7,3,热兵器军队( Firearms ),,"<color=255,255,0,255>骆驼炮手<color=255,255,0,255>对第一次攻击免疫，不接受防御加成，可以退出战斗，在开阔地形上有战斗加成，并且对<color=255,255,0,255>弹射器<color=255,255,0,255>，<color=255,255,0,255>投石机<color=255,255,0,255>，<color=255,255,0,255>轰炸<color=255,255,0,255>和<color=255,255,0,255>加农炮<color=255,255,0,255>单位，对<color=255,255,0,255>重骑兵单位有加成，在<color=255,255,0,255>沙漠<color=255,255,0,255>有战斗加成，从<color=255,255,0,255>沙漠适应<color=255,255,0,255>升级开始。"
174,TXT_KEY_UNIT_MOORISH_CAMEL_GUNNER,火枪骆驼骑兵,120,12,3,联合兵种( Combined_arms ),,TXT_KEY_UNIT_MOORISH_CAMEL_GUNNER_STRATEGY
175,TXT_KEY_UNIT_CUIRASSIER,胸甲骑兵,120,12,3,联合兵种( Combined_arms ),,"<color=255,255,0,255>胸甲骑兵</color>标志着骑乘单位从冷兵器时代发展到火器时代，是<color=255,255,0,255>近代骑兵</color>出现之前最强大的陆军兵种。"
176,TXT_KEY_UNIT_TATAR_NOYAN,那颜,110,11,3,火药( Gunpowder ),,早期的重甲骑兵，可以无视地形消耗。
177,TXT_KEY_UNIT_MANCHURIA_EIGHTBANNER,八旗军,120,12,3,联合兵种( Combined_arms ),,"<color=255,255,0,255>八旗军</color>，满清文明取代<color=255,255,0,255>胸甲骑兵</color>有很高的退出机会。"
178,TXT_KEY_UNIT_FRENCH_GENDARME,近卫骑兵,120,12,3,联合兵种( Combined_arms ),,"<color=255,255,0,255>法国近卫骑兵</color>，<color=255,255,0,255>胸甲骑兵</color>的法文替代品，从<color=102,229,255,255>夹</color>和<color=102,229,255,255>领导层</color>提升。"
179,TXT_KEY_UNIT_SPANISH_CONQUISTADOR,西班牙征服者,120,12,3,地理探索( Exploration ),,"这种强大的骑乘单位（西班牙用以取代<color=255,255,0,255>胸甲骑兵</color>）在攻击肉搏部队时拥有加成，并且可以获得地形防御加成，这不同与其他骑乘单位。"
180,TXT_KEY_UNIT_POLISH_WINGED_HUSSAR,翼骑兵,120,12,3,联合兵种( Combined_arms ),,"<color=255,255,0,255>翼骑兵</color>是<color=255,255,0,255>胸甲骑兵</color>的波兰替代品，对<color=255,255,0,255>Arquebusier</color>和<color=255,255,0,255>火枪手</color>有战斗加成。"
181,TXT_KEY_UNIT_ITALY_CONDOTTIERI,残枪骑兵,120,12,3,联合兵种( Combined_arms ),,"<color=255,255,0,255>Condottiero</color>是意大利的<color=255,255,0,255>铁甲</color>的替代品，在城市中不会受到处罚。"
182,TXT_KEY_UNIT_HUSSAR,轻骑兵,100,10,3,民族主义( Nationalism ),,"<color=255,255,0,255>轻骑兵</color>不获得防御加成，可以退出战斗，在开阔地形上有战斗加成，对<color=255,255,0,255>大炮</color>和<color=255,255,0,255>大炮</color>单位有攻击加成，对<color=255,255,0,255>弹射器</color>有侧翼攻击，<color=255,255,0,255>投石机</color>，<color=255,255,0,255>轰炸</color>，<color=255,255,0,255>大炮</color>和<color=255,255,0,255>大炮</color>单位。"
183,TXT_KEY_UNIT_RUSSIAN_COSSACK,哥萨克骑兵,100,10,3,测量学( Measurement ),,"俄罗斯取代<color=255,255,0,255>轻骑兵</color>的<color=255,255,0,255>哥萨克</color>，要求<color=127,255,25,255>测量</color>，而不是<color=127,255,25,255>民族主义</color>和<color=127,255,25,255>生物</color>，并对<color=255,255,0,255>挂载单位</color>有战斗加成。"
184,TXT_KEY_UNIT_COLOMBIAN_LLANERO,哥伦比亚骑兵,100,10,3,民族主义( Nationalism ),,"哥伦比亚替代<color=255,255,0,255>轻骑兵</color>的<color=255,255,0,255>利亚内罗</color>，不需要 <color=127,255,25,255>生物</color>技术，对<color=255,255,0,255>火枪手<color=255,255,0,255>和<color=255,255,0,255>步枪兵<color=255,255,0,255>单位有战斗奖励，并且从<color=255,255,0,255>移动升级开始。"
185,TXT_KEY_UNIT_DRAGOON,龙骑兵,140,14,3,生物学( Biology ),,"<color=255,255,0,255>龙骑兵</color>不会获得防御奖励，是工业时代基本的<color=255,255,0,255>装备单位</color>。"
186,TXT_KEY_UNIT_FRENCH_GUARD,法国龙骑兵,140,14,3,生物学( Biology ),,"<color=255,255,0,255>守卫</color>，<color=255,255,0,255>龙骑兵</color>的法国替代品，从<color=102,229,255,255>夹</color>和<color=102,229,255,255>领导层</color>的晋升开始。"
187,TXT_KEY_UNIT_ARGENTINE_GRENADIER_CAVALRY,掷弹骑兵,140,14,3,生物学( Biology ),,这是一种能够克制来复枪兵的骑座单位
188,TXT_KEY_UNIT_CAVALRY,近代骑兵,150,14,3,微生物学( Microbiology ),,"这种最强大的骑乘单位特别适于用于探索地形，并能从战斗中撤退。在攻击<color=255,255,0,255>加农炮</color>时拥有奖励加成，但不能获得防御时的地形奖励。"
189,TXT_KEY_UNIT_MEXICAN_RURAL,墨西哥骑兵,130,14,3,微生物学( Microbiology ),,"<color=255,255,0,255>Rural</color>是墨西哥取代<color=255,255,0,255>骑兵</color>的装备，价格更便宜，获得防御奖励，并从<color=102,229,255,255>战斗I</color>升级开始。"
190,TXT_KEY_UNIT_BOER_COMMANDO,科曼多骑兵,150,14,3,微生物学( Microbiology ),,"<color=255,255,0,255>科曼多骑兵</color>是波尔人对<color=255,255,0,255>骑兵</color>的替代品，能够进入<color=102,229,255,255>丛林</color>和<color=102,229,255,255>雨林</color>，并从<color=102,229,255,255>移动性</color>开始。"
191,TXT_KEY_UNIT_WAR_ELEPHANT,战象,70,8,2,指挥学( Generalship ),,这种早期骑乘作战单位速度较慢，但比骑射手等单位更强大。
192,TXT_KEY_UNIT_KHMER_BALLISTA_ELEPHANT,重弩战象,70,8,2,指挥学( Generalship ),,"此种强力肉搏兵种是高棉的特色单位，替代<color=255,255,0,255>战象</color>，可优先攻击敌军集群中的骑乘单位，充分发挥其克制骑兵的特长。"
193,TXT_KEY_UNIT_PHOENICIAN_ATLAS_ELEPHANT,迦太基战象,70,8,3,数学( Mathematics ),,"<color=255,255,0,255>Atlas Elephant</color>是腓尼基人对<color=255,255,0,255>战象</color>的替代品，从<color=102,229,255,255>震撼</color>开始。"
194,TXT_KEY_UNIT_INDIA_MAHOUT,印度战象,70,8,2,指挥学( Generalship ),,"<color=255,255,0,255>Mahout</color>马霍特</color>是印度替代<color=255,255,0,255>战象<color=255,255,0,255>的一个防御加成，并从<color=102,229,255,255>城市卫戍区I</color>开始。"
195,TXT_KEY_UNIT_TANK,坦克,180,28,3,石油化工( Synthetics ),,"<color=255,255,0,255>坦克</color>是很有效的进攻武器。它有2点移动力，并能在同一回合中攻击两次。坦克能轻易击溃任意现代之前出现的单位，但在防守时没有地形加成。"
196,TXT_KEY_UNIT_GERMAN_PANZER,德国坦克,180,28,3,石油化工( Synthetics ),,"<color=255,255,0,255>德国坦克</color>是德国的特色单位（替代<color=255,255,0,255>坦克</color>），在攻击普通坦克时占有优势。"
197,TXT_KEY_UNIT_MAIN_BATTLE_TANK,主战坦克,240,40,3,机器人( Robotics ),,"<color=255,255,0,255>主战坦克</color>有一次第一次攻击，不获得防御奖励，从</color>闪电战</color>升级开始。"
198,TXT_KEY_UNIT_ISRAELI_MERKAVA,梅卡瓦主战坦克,240,40,3,机器人( Robotics ),,"<color=255,255,0,255>梅卡瓦主战坦克</color>是以色列替代<color=255,255,0,255>主战坦克</color>，获得防御加成，从<color=102,229,255,255>伏击</color>开始，没有资源需求。"
199,TXT_KEY_UNIT_GUNSHIP,武装直升机,160,24,4,空气动力学( Aerodynamics ),,此种旋翼单位行动迅速，是装甲部队的天敌。你可以用它们迟滞敌军，但你仍需依靠地面部队占领城市。
200,TXT_KEY_UNIT_CATAPULT,投石车,75,3,2,数学( Mathematics ),,"<color=255,255,0,255>投石车</color>可以轰击敌方城防，当战斗失败时也有一定几率可安全撤退。当投石车攻击时，会对和目标处于同一位置的其他单位造成附带损害。"
201,TXT_KEY_UNIT_BABYLON_RAM,巴比伦投石车,55,3,2,石工术( Masonry ),,这种巴比伦式的投石车替代品比它的同类产品更早上市。所以早期征服城市很容易。
202,TXT_KEY_UNIT_ROMAN_BALLISTA,罗马弩炮,75,5,2,数学( Mathematics ),,"<color=255,255,0,255>弩炮</color>，罗马文明特色单位，取代<color=255,255,0,255>投石车</color>，增加额外战斗力2点，攻击城市时无额外加成。"
203,TXT_KEY_UNIT_TREBUCHET,抛石机,100,4,2,防御工事( Fortification ),,"<color=255,255,0,255>抛石机</color>非常适宜进行攻城战，能够快速破坏城防，并具有较高的撤退几率。进行直接攻击时能对同一地块的其他敌方单位造成附带伤害。"
204,TXT_KEY_UNIT_CHINA_FIRELANCE,猛火油柜,100,4,2,工程学( Engineering ),,"<color=255,255,0,255>Pen hou Qi</color>是<color=255,255,0,255>投石机</color>的中文替代品，需要<color=127,255,25,255>工程</color>技术，不需要<color=127,255,25,255>强化</color>技术。"
205,TXT_KEY_UNIT_MONGOL_SIEGE_ENGINEER,蒙古攻城技师,100,4,3,防御工事( Fortification ),,蒙古攻城技师，是蒙古的投石机的替代品，投石机速度更快。
206,TXT_KEY_UNIT_BOMBARD,射石炮,120,5,2,火药( Gunpowder ),,"<color=255,255,0,255>射石炮</color>不能占领敌人的城市或单位，不能获得防御加成，攻击城市时有战斗加成，造成附带伤害，对<color=255,255,0,255>攻城武器</color>的附带伤害免疫，并且可以轰炸城市防御。"
207,TXT_KEY_UNIT_KOREAN_HWACHA,火厢车,120,8,2,火药( Gunpowder ),,"<color=255,255,0,255>火厢车</color>为高丽特色单位，替代<color=255,255,0,255>投石车</color>，除了传统压制武器的威力，还拥有对肉搏单位的战斗加成。"
208,TXT_KEY_UNIT_POLAND_TABOR,波兰射石炮,120,5,2,火药( Gunpowder ),,"<color=255,255,0,255>Tabor</color>是<color=255,255,0,255>射石炮</color>的波兰替代品，从<color=102,229,255,255>Medic I</color>开始。"
209,TXT_KEY_UNIT_MUGHAL_SIEGE_ELEPHANT,攻城战象,120,6,2,火药( Gunpowder ),,"<color=255,255,0,255>攻城战象</color>，莫卧儿人代替<color=255,255,0,255>轰炸</color>，需要<color=255,255,0,255>象牙</color>资源，有一个额外的力量点，并且对<color=255,255,0,255>射箭单位</color>和<color=255,255,0,255>火药单位</color>有战斗加成。"
210,TXT_KEY_UNIT_OTTOMAN_GREAT_BOMBARD,土耳其火炮,120,5,2,火药( Gunpowder ),,"<color=255,255,0,255>大轰炸</color>，奥斯曼帝国取代<color=255,255,0,255>轰炸</color>，在攻击城市时有战斗奖励。"
211,TXT_KEY_UNIT_CANNON,加农炮,150,8,2,物理学( Physics ),,"<color=255,255,0,255>加农炮</color>可以轰击敌方城防，当战斗失败时也有一定几率可安全撤退。当投石车攻击时，会对和目标处于同一位置的其他单位造成附带损害。"
212,TXT_KEY_UNIT_FRENCH_HEAVY_CANNON,法国重型加农炮,150,8,2,物理学( Physics ),,[COLOR UNIT TEXT]Culverin是[COLOR UNIT TEXT]大炮[COLOR UNIT REVERT]的法国替代品，对[COLOR UNIT TEXT]攻城武器[COLOR UNIT REVERT]和[COLOR UNIT TEXT]火药单元[COLOR UNIT REVERT]有战斗加成。
213,TXT_KEY_UNIT_ARTILLERY,火炮,180,12,2,弹道学( Ballistics ),,"<color=255,255,0,255>火炮</color>在攻击敌方城市时非常有效；它们可以轰击敌方城防，当战斗失败时也有一定几率可安全撤退。同时,和火炮也会对与目标处于同一位置的其他敌军造成附带损害。"
214,TXT_KEY_UNIT_MACHINE_GUN,重机枪,125,18,2,气体力学( Pneumatics ),,"<color=255,255,0,255>重机枪</color>是有力的防御武器，尤其是在对付敌方的火器单位时。重机枪部队不能发起攻击，因此通常被用于守卫城市。"
215,TXT_KEY_UNIT_HOWITZER,榴弹炮,200,15,2,航空( Flight ),,"<color=255,255,0,255>榴弹炮</color>不能捕获敌人的城市或单位，不能获得防御奖励，攻击城市时有战斗奖励，造成附带伤害，对<color=255,255,0,255>攻城武器</color>的附带伤害免疫，并且可以轰炸城市防御。"
216,TXT_KEY_UNIT_PRUSSIA_HOWITZER,普鲁士重型榴弹炮,200,17,2,航空( Flight ),,"<color=255,255,0,255>重型榴弹炮</color>是普鲁士取代<color=255,255,0,255>榴弹炮</color>的更强大。"
217,TXT_KEY_UNIT_MOBILE_ARTILLERY,自行火炮,220,20,3,电子计算机( Computers ),,"<color=255,255,0,255>自行火炮</color>是最快速、最强大的压制武器，同时拥有对压制武器的额外战斗力加成。"
218,TXT_KEY_UNIT_WORK_BOAT,工船,30,0,3,航行术( Sailing ),,"这种非武装船只可用于建造渔船、捕鲸船和海上平台（游戏后期）。<color=255,255,0,255>工船</color>不能进入大洋。"
219,TXT_KEY_UNIT_GALLEY,桨帆船,40,2,4,航海( Seafaring ),,"最早出现的武装船只，<color=255,255,0,255>桨帆船</color>能运载两个地面单位。桨帆船不能进入大洋。"
220,TXT_KEY_UNIT_POLYNESIAN_WAKA,波利尼西亚独木舟,25,2,5,航海( Seafaring ),,"<color=255,255,0,255>瓦卡</color>，波利尼西亚取代<color=255,255,0,255>大帆船</color>，有两个额外的移动点，更便宜，有一个较少的货舱，可以创造<color=102,229,255,255>渔船</color>。"
221,TXT_KEY_UNIT_PHOENICIAN_BIREME,双层桨战船,40,2,4,航海( Seafaring ),,"<color=255,255,0,255>Bireme</color>是腓尼基人对<color=255,255,0,255>战舰</color>的替代品，它有一个货舱，并且对<color=255,255,0,255>战舰</color>有防御加成。"
222,TXT_KEY_UNIT_PHILIPPINES_BALANGAY,菲律宾划艇,30,2,4,航海( Seafaring ),,"<color=255,255,0,255>菲律宾划艇</color>是菲律宾替代<color=255,255,0,255>桨帆船</color>的产品，价格便宜，退出机会更高。"
223,TXT_KEY_UNIT_WAR_GALLEY,战斗桨帆船,40,3,4,造船( Shipbuilding ),,"<color=255,255,0,255>战斗桨帆船</color>无法进入<color=102,229,255,255>大洋</color>，无法通过<color=102,229,255,255>海角</color>直到获得<color=127,255,25,255>罗盘</color>，并且可从战斗中撤退。"
224,TXT_KEY_UNIT_HEAVY_GALLEY,重型桨帆船,60,5,4,炼金术( Alchemy ),,"<color=255,255,0,255>重型战舰</color>不能进入<color=102,229,255,255>海洋</color>，不能通过<color=102,229,255,255>斗篷</color>，直到[COLOR U TECH U TEXT]指南针</color>有战斗奖励攻击<color=102,229,255,255>海岸</color>，并且可以退出战斗。"
225,TXT_KEY_UNIT_BYZANTINE_DROMON,拜占庭战舰,60,6,4,炼金术( Alchemy ),,"拜占庭人取代<color=255,255,0,255>战舰</color>的<color=255,255,0,255>Dromon</color>，有一个额外的力量点，并造成附带伤害。"
226,TXT_KEY_UNIT_VIKING_LONGSHIP,维京龙船,60,5,5,手工业( Artisanry ),,"<color=255,255,0,255>长舰</color>，海盗取代<color=255,255,0,255>的重型战舰</color>有两个额外的移动点，可以轰炸城市防御，有两个货舱，并以<color=102,229,255,255>DISGAGE I</color>提升。"
227,TXT_KEY_UNIT_COG,单桅帆船,60,5,4,行会( Guilds ),,"<color=255,255,0,255>单桅帆船</color>可运载两个单位，无法进入<color=102,229,255,255>大洋</color>，无法通过<color=102,229,255,255>海角</color>直到获得<color=127,255,25,255>罗盘</color>，并且可从战斗中撤退。"
228,TXT_KEY_UNIT_TAMIL_DHARANI,陀罗尼帆船,60,6,5,行会( Guilds ),,"泰米尔人取代<color=255,255,0,255>单桅帆船</color>的<color=255,255,0,255>轮齿</color>有两个额外的力量点，两个额外的移动点和两个第一击。"
229,TXT_KEY_UNIT_SWAHILI_DHOW,三角帆船,60,4,4,行会( Guilds ),﯆2ﬓ驻扎在外国沿海城市时（每个城市最多一个单位）,"<color=255,255,0,255>三角帆船</color>是斯瓦希里的运输船替代品，可在外国沿海城市提供黄金。"
230,TXT_KEY_UNIT_GALLEASS,帆船,70,6,4,火药( Gunpowder ),,"<color=255,255,0,255>帆船</color>不能进入<color=102,229,255,255>海洋</color>，不能通过<color=102,229,255,255>Capes</color>直到[COLOR U TECH U TEXT]指南针</color>并且在<color=102,229,255,255>海岸</color>有战斗。"
231,TXT_KEY_UNIT_KOREAN_KOBUKSON,高丽龟船,70,8,4,火药( Gunpowder ),,"<color=255,255,0,255>Kobukson</color>是<color=255,255,0,255>Gallass</color>的韩语替代品，它有两个额外的强度点，并且以<color=102,229,255,255>Drill I</color>和<color=102,229,255,255>Drill II</color>提升。"
232,TXT_KEY_UNIT_INDONESIAN_DJONG,戎克战船,70,6,4,罗盘( Compass ),,"<color=255,255,0,255>戎克战船</color>，印度尼西亚文明替代[COLOR UNIT TEXT]Galeass[COLOR REVERT]的[COLOR UNIT TEXT]Djong[COLOR REVERT]需要[COLOR TECH TEXT]指南针[COLOR REVERT]，而不是[COLOR TECH TEXT]火药[COLOR REVERT]，在[COLOR HIGHLIGHT TEXT]海岸[COLOR REVERT]有额外的防御战斗加成，并且对[COLOR UNIT TEXT]私掠船[COLOR REVERT]有战斗加成。"
233,TXT_KEY_UNIT_ITALIAN_LANTERNAS,热那亚战船,50,8,4,火药( Gunpowder ),,"<color=255,255,0,255>意大利战船</color>，意大利语替代<color=255,255,0,255>Galleass</color>，更便宜，有两个额外的力量点和一个额外的移动点。"
234,TXT_KEY_UNIT_CARAVEL,轻帆船,60,6,8,地图学( Cartography ),,"这种小型快速帆船能探索大洋和敌方区域。<color=255,255,0,255>轻帆船</color>可以运载一个特殊单位——<color=255,255,0,255>侦察兵</color>、<color=255,255,0,255>探险家</color>、<color=255,255,0,255>间谍</color>、<color=255,255,0,255>传教士</color>或者<color=255,255,0,255>历史伟人</color>。"
235,TXT_KEY_UNIT_PORTUGUESE_CARRACK,卡拉克船,60,6,8,地图学( Cartography ),,"<color=255,255,0,255>卡拉克船</color>，葡萄牙语替代<color=255,255,0,255>运输船</color>，可以运输任何单位，具有额外的货舱，并以<color=102,229,255,255>哨兵</color>提升。"
236,TXT_KEY_UNIT_OMAN_BAGHLAH,阿曼轻帆,60,9,8,地图学( Cartography ),,TXT_KEY_UNIT_OMAN_BAGHLAH_STRATEGY
237,TXT_KEY_UNIT_GALLEON,大帆船,80,8,10,地理探索( Exploration ),,"<color=255,255,0,255>大帆船</color>是大航海时代最好的运输船。它可以运载三个单位，并能安全地出入大洋。"
238,TXT_KEY_UNIT_DUTCH_EAST_INDIAMAN,东印度商船,80,10,10,地理探索( Exploration ),,"<color=255,255,0,255>东印度商船</color>，荷兰人取代<color=255,255,0,255>加隆</color>，有两个额外的优势点，有一个额外的货舱，可以探索竞争领土。"
239,TXT_KEY_UNIT_PRIVATEER,私掠舰,90,10,12,地理探索( Exploration ),,"<color=255,255,0,255>私掠舰</color>出现于游戏中期，最大特点是隐藏国籍，可在不宣战的情况下骚扰你的对手。"
240,TXT_KEY_UNIT_MOORISH_CORSAIR,巴巴里海盗船,60,8,8,地理探索( Exploration ),﯆因击沉敌舰而获得ﬓ,"<color=255,255,0,255>巴巴里海盗船</color>，摩尔人取代<color=255,255,0,255>海盗船</color>，减少一个移动点，减少两个力量点，更便宜，在<color=102,229,255,255>海岸</color>有战斗加成，对<color=255,255,0,255>海盗船</color>有战斗加成，并提供一些击沉敌舰时的黄金。"
241,TXT_KEY_UNIT_FRIGATE,三桅战舰,100,12,12,地理学( Geography ),,"<color=255,255,0,255>三桅战舰</color>是游戏中最强大的木制战舰。它能击沉敌舰并炮轰敌方海滨城防。"
242,TXT_KEY_UNIT_SHIP_OF_THE_LINE,主力战舰,120,15,12,测量学( Measurement ),,"<color=255,255,0,255>主力战舰</color>是木质舰船发展的最高峰，虽然航速不及<color=255,255,0,255>三桅战舰</color>，但却拥有强得多的攻击力。"
243,TXT_KEY_UNIT_ENGLISH_MAN_OF_WAR,皇家海军主力战舰,120,18,14,测量学( Measurement ),,"<color=255,255,0,255>英国战船</color>，英国替换的<color=255,255,0,255>船，有三个额外的力量点，一个额外的移动点，并对一个以上的单位造成附带伤害。"
244,TXT_KEY_UNIT_STEAMSHIP,轮船,100,12,14,蒸汽机( Thermodynamics ),,"<color=255,255,0,255>轮船</color>有三个货舱，可以退出战斗。"
245,TXT_KEY_UNIT_IRONCLAD,铁甲舰,150,20,8,蒸汽机( Thermodynamics ),,"<color=255,255,0,255>铁甲舰</color>速度缓慢而强大。它能炮击敌方城防但不能进入大洋。"
246,TXT_KEY_UNIT_TORPEDO_BOAT,鱼雷艇,120,18,11,弹道学( Ballistics ),,"<color=255,255,0,255>鱼雷艇</color>不能进入<color=102,229,255,255>大洋</color>，有第一次攻击，可以退出战斗，并且在<color=102,229,255,255>海岸</color>有战斗加成攻击。"
247,TXT_KEY_UNIT_CRUISER,巡洋舰,200,28,12,内燃机( Engine ),,"<color=255,255,0,255>巡洋舰</color>可以轰炸城市防御，是工业时代的基本<color=255,255,0,255>海军单位</color>。"
248,TXT_KEY_UNIT_TRANSPORT,运输舰,125,16,18,基础设施( Infrastructure ),,"<color=255,255,0,255>运输舰</color>能运载四个单位，并可以出入大洋。但是运输舰无法抵御飞机和现代战舰的攻击。"
249,TXT_KEY_UNIT_DESTROYER,驱逐舰,200,24,22,数码产品( Electronics ),,"<color=255,255,0,255>驱逐舰</color>有一定的防空作用，而且还能很好的探测并摧毁敌方<color=255,255,0,255>潜艇</color>（对其他大多数单位隐形）。它们通常与<color=255,255,0,255>航空母舰</color>和<color=255,255,0,255>运输舰</color>一起行动。"
250,TXT_KEY_UNIT_CANADIAN_CORVETTE,加拿大护卫舰,170,20,24,数码产品( Electronics ),,"<color=255,255,0,255>护卫舰<color=255,255,0,255>，加拿大的<color=255,255,0,255>驱逐舰的替代品<color=255,255,0,255>，更便宜，力量点少四点，有两个额外的移动点，失去轰炸城市的能力，从<color=255,255,0,255>哨兵<color=255,255,0,255>提升。"
251,TXT_KEY_UNIT_BATTLESHIP,战列舰,240,40,18,石油化工( Synthetics ),,"<color=255,255,0,255>战列舰</color>是最强的水面舰艇。战列舰能击沉大多数舰只（但对潜艇和空袭却显得无能为力）。类似的，<color=255,255,0,255>战列舰</color>的攻击也会对目标同一位置的其他单位造成附带损害。战列舰也能轰击城防。"
252,TXT_KEY_UNIT_MISSILE_CRUISER,导弹巡洋舰,280,40,20,人造卫星( Satellites ),,此种现代舰船是杀伤力最强的海上单位，可携带四枚导弹。
253,TXT_KEY_UNIT_STEALTH_DESTROYER,隐形驱逐舰,225,30,22,超导( Superconductors ),,"<color=255,255,0,255>隐形驱逐舰</color>不会被任何其他单位发现，是一种强大的现代海军舰船，只有用另外一艘<color=255,255,0,255>隐形驱逐舰</color>才能对付它。"
254,TXT_KEY_UNIT_SUBMARINE,潜艇,150,24,18,气体力学( Pneumatics ),,"<color=255,255,0,255>潜艇</color>对大多数单位隐身。它们能探索敌方区域并运载特殊单位，但易遭受敌方<color=255,255,0,255>驱逐舰</color>和其他潜艇的攻击。"
255,TXT_KEY_UNIT_NUCLEAR_SUBMARINE,核潜艇,200,30,20,核能( Nuclear_power ),,"<color=255,255,0,255>核潜艇<color=255,255,0,255>可以携带一艘<color=255,255,0,255>侦察机<color=255,255,0,255>，<color=255,255,0,255>探险家<color=255,255,0,255>，<color=255,255,0,255>传教士<color=255,255,0,255>，<color=255,255,0,255>间谍<color=255,255,0,255>或<color=255,255,0,255>大人物<color=255,255,0,255>，对<color=255,255,0,255>潜艇<color=255,255,0,255>单位有攻击加成，可以参见<color=255,255,0,255>潜艇<color=255,255,0,255>和<color=255,255,0,255>核潜艇<color=255,255,0,255>单位，可以进入<color=255,255,0,255>冰<color=255,255,0,255>，可以探索敌方领土，可以退出战斗，对除<color=255,255,0,255>驱逐舰<color=255,255,0,255>以外的所有单位都不可见，<color=255,255,0,255>隐形驱逐舰<color=255,255,0,255>，<color=255,255,0,255>潜艇<color=255,255,0,255>和<color=255,255,0,255>攻击潜艇<color=255,255,0,255>单位。"
256,TXT_KEY_UNIT_CARRIER,航空母舰,200,18,16,军力投送( Power_projection ),,"<color=255,255,0,255>航空母舰</color>本身只有中等战力，但它们的主要作用是运载三架<color=255,255,0,255>战斗机</color>。战斗机可用于防空、侦察、轰炸敌方部队和城市。"
257,TXT_KEY_UNIT_BIPLANE,双翼飞机,120,0,2,航空( Flight ),﯆能够基于<link='UNIT_CARRIER'>运载</link>,"<color=255,255,0,255>双翼飞机</color>可以拦截敌人的空中单位，摧毁改进，轰炸城市防御，执行侦察任务和损害敌人的单位。"
258,TXT_KEY_UNIT_FIGHTER,战斗机,150,0,2,航空学( Aviation ),﯆能够基于<link='UNIT_CARRIER'>运载</link>,"<color=255,255,0,255>战斗机</color>可攻击敌方空军单位并侦察敌方领土，当其被配置在<color=255,255,0,255>航空母舰</color>上时非常有用。"
259,TXT_KEY_UNIT_JAPANESE_ZERO,日本战机,75,0,2,航空学( Aviation ),﯆能够基于<link='UNIT_CARRIER'>运载</link>,"<color=255,255,0,255>日本战机</color>，日本取代<color=255,255,0,255>战斗机</color>，更便宜，可以躲避拦截，并且对<color=255,255,0,255>水上部队</color>有战斗加成。"
260,TXT_KEY_UNIT_JET_FIGHTER,喷气式战斗机,225,0,2,空气动力学( Aerodynamics ),﯆能够基于<link='UNIT_CARRIER'>运载</link>,"<color=255,255,0,255>喷气式战斗机</color>比普通<color=255,255,0,255>战斗机</color>的作战范围更大，也能更有效的拦截敌方空军。"
261,TXT_KEY_UNIT_CANADA_ARROW,CF-105,200,0,2,空气动力学( Aerodynamics ),﯆能够基于<link='UNIT_CARRIER'>运载</link>,"<color=255,255,0,255>Avro Arrow</color>是加拿大替代<color=255,255,0,255>喷气式战斗机</color>的产品，价格便宜，射程更大。"
262,TXT_KEY_UNIT_BOMBER,轰炸机,180,0,2,航空学( Aviation ),,"<color=255,255,0,255>轰炸机</color>是陆基航空兵。它们可以攻击敌军地面部队（也能攻击水面部队，但效果略差），也能破坏敌军城防。轰炸机也会造成附带损害。"
263,TXT_KEY_UNIT_STEALTH_BOMBER,隐形轰炸机,250,0,2,超导( Superconductors ),,"<color=255,255,0,255>隐形轰炸机</color>可以攻击敌军地面部队（也能攻击水面部队，但效果略差）。轰炸会造成附带损害。地方空军很难拦截并击落隐形轰炸机。"
264,TXT_KEY_UNIT_GUIDED_MISSILE,巡航导弹,60,0,2,激光( Laser ),,"<color=255,255,0,255>巡航导弹</color>是现代战争不可缺少的一员，这种武器可对在其射程之内的任何地块造成极大破坏。"
265,TXT_KEY_UNIT_DRONE,无人机,120,0,2,自动化( Automation ),﯆能够基于<link='UNIT_CARRIER'>运载</link>,"<color=255,255,0,255>无人机</color>对所有单位都是隐形的，可以探索敌方领土，可以摧毁改进，轰炸城市防御，执行侦察任务，损害敌方单位，并有更多的机会逃避拦截。"
266,TXT_KEY_UNIT_NUCLEAR_BOMBER,核轰炸机,400,0,2,核裂变( Fission ),,"<color=255,255,0,255>核轰炸机</color>可以用核弹攻击敌人的土地。"
267,TXT_KEY_UNIT_ICBM,战略导弹,600,0,2,核能( Nuclear_power ),,"<color=255,255,0,255>战略导弹</color>能攻击敌方城市，造成建筑、部队和附近地区的极大损伤。"
268,TXT_KEY_UNIT_SATELLITE,卫星,400,0,2,人造卫星( Satellites ),,"<color=255,255,0,255>卫星</color>可以看到其他<color=255,255,0,255>卫星</color>单元，作为<color=102,229,255,255>研究卫星</color>、<color=102,229,255,255>商业卫星</color>或<color=102,229,255,255>军事卫星</color>专家在一个城市定居，可以探索竞争领土，对所有单位都不可见，除了<color=255,255,0,255>卫星</color>单位，并以<color=102,229,255,255>哨兵</color>提升。"
269,TXT_KEY_UNIT_GREAT_PROPHET,大预言家,-1,0,3,,﯆可以完成一个伟大的任务,"<color=255,255,0,255>大预言家</color>允许你立即建成宗教<color=204,204,216,255>圣坛</color>。"
270,TXT_KEY_UNIT_GREAT_ARTIST,大艺术家,-1,0,3,,,"<color=255,255,0,255>大艺术家</color>能创作<color=102,229,255,255>艺术杰作</color>为所在城市大量积累文化。"
271,TXT_KEY_UNIT_GREAT_SCIENTIST,大科学家,-1,0,3,,,"<color=255,255,0,255>大科学家</color>能创立<color=204,204,216,255>科学院</color>，极大地增加城市的研发投入。"
272,TXT_KEY_UNIT_GREAT_MERCHANT,大商业家,-1,0,3,,,"<color=255,255,0,255>大商业家</color>能在外国城市开展<color=102,229,255,255>贸易活动</color>，获得大笔金钱收入。外国城市距离本国越远越好。"
273,TXT_KEY_UNIT_GREAT_ENGINEER,大工程师,-1,0,3,,,"<color=255,255,0,255>大工程师</color>能立刻完成城市当前的建设项目。"
274,TXT_KEY_UNIT_GREAT_STATESMAN,大政治家,-1,0,3,,,"伟大的政治家可以开始黄金时代，发现新技术，改革政府，解决危机，执行外交任务，探索敌对领土，作为<color=102,229,255,255>伟大政治家</color>专家在城市定居，并可建造 <color=204,204,216,255>行政中心</color>大楼。"
275,TXT_KEY_UNIT_GREAT_GENERAL,大军事家,-1,0,3,,,"<color=255,255,0,255>大军事家</color>能够与特定单位结合为一体，并为所在地块的其他单位提供一次性的作战经验奖励。"
276,TXT_KEY_UNIT_GREAT_GENERAL,大军事家,-1,0,3,,,"<color=255,255,0,255>大军事家</color>能够与特定单位结合为一体，并为所在地块的其他单位提供一次性的作战经验奖励。"
277,TXT_KEY_UNIT_GREAT_SPY,大间谍,-1,0,3,,,"<color=255,255,0,255>大间谍</color>可用于探察敌方领地，大量增加针对特定文明的谍报点数，或是建造<color=204,204,216,255>苏格兰场</color>以提升谍报点数产出。"
278,TXT_KEY_UNIT_GREAT_PROPHET,大预言家,-1,0,3,,,"<color=255,255,0,255>大预言家</color>允许你立即建成宗教<color=204,204,216,255>圣坛</color>。"
279,TXT_KEY_UNIT_GREAT_ARTIST,大艺术家,-1,0,3,,,"<color=255,255,0,255>大艺术家</color>能创作<color=102,229,255,255>艺术杰作</color>为所在城市大量积累文化。"
280,TXT_KEY_UNIT_GREAT_SCIENTIST,大科学家,-1,0,3,,,"<color=255,255,0,255>大科学家</color>能创立<color=204,204,216,255>科学院</color>，极大地增加城市的研发投入。"
281,TXT_KEY_UNIT_GREAT_MERCHANT,大商业家,-1,0,3,,,"<color=255,255,0,255>大商业家</color>能在外国城市开展<color=102,229,255,255>贸易活动</color>，获得大笔金钱收入。外国城市距离本国越远越好。"
282,TXT_KEY_UNIT_GREAT_ENGINEER,大工程师,-1,0,3,,,"<color=255,255,0,255>大工程师</color>能立刻完成城市当前的建设项目。"
283,TXT_KEY_UNIT_GREAT_STATESMAN,大政治家,-1,0,3,,,"伟大的政治家可以开始黄金时代，发现新技术，改革政府，解决危机，执行外交任务，探索敌对领土，作为<color=102,229,255,255>伟大政治家</color>专家在城市定居，并可建造 <color=204,204,216,255>行政中心</color>大楼。"
284,TXT_KEY_UNIT_GREAT_GENERAL,大军事家,-1,0,3,,,"<color=255,255,0,255>大军事家</color>能够与特定单位结合为一体，并为所在地块的其他单位提供一次性的作战经验奖励。"
285,TXT_KEY_UNIT_GREAT_SPY,大间谍,-1,0,3,,,"<color=255,255,0,255>大间谍</color>可用于探察敌方领地，大量增加针对特定文明的谍报点数，或是建造<color=204,204,216,255>苏格兰场</color>以提升谍报点数产出。"
286,TXT_KEY_UNIT_SLAVE,奴隶,60,0,3,,﯆可以建立<link='literal'>奴隶种植园</link>,"<color=255,255,0,255>本地奴隶</color>建筑改进，包括<color=102,229,255,255>奴隶种植园</color>，可以作为<color=102,229,255,255>奴隶</color>专家在城市定居。"
287,TXT_KEY_UNIT_AZTEC_SLAVE,阿兹特克奴隶,60,0,3,,﯆可以建立<link='literal'>奴隶种植园</link>,"<color=255,255,0,255>阿兹特克奴隶</color>建筑改进，包括</color>奴隶种植园</color>，可以作为</color>奴隶</color>专家在城市定居，可以在城市中加快生产，可以在城市中牺牲以获得暂时的幸福。"
