建筑ID,KEY,文本,建筑成本,启用科技,过时科技,国策要求,国教,宗教,帮助,策略
0,TXT_KEY_BUILDING_PALACE,宫殿,160,,,,,,,"拥有<color=204,204,216,255>宫殿</color>的城市是文明的首都，其他城市维护费的高低由距离首都的远近决定。<color=204,204,216,255>宫殿</color>能产生文化和少量商业收入。"
1,TXT_KEY_BUILDING_BARRACKS,兵营,50,,,,,,,"<color=204,204,216,255>兵营</color>为所在城市组建的单位提供经验值。可在所有需要组建军事单位的城市建造。"
2,TXT_KEY_BUILDING_ASSYRIA_EKAL,马沙尔提军营,50,,,,,,,TXT_KEY_BUILDING_ASSYRIA_EKAL_STRATEGY
3,TXT_KEY_BUILDING_ZULU_IKHANDA,特训兵营,60,,,,,,,"<color=204,204,216,255>特训兵营</color>是祖鲁的特色建筑，替代<color=204,204,216,255>兵营</color>，可使所在城市新组建的单位获得额外经验值，并减少城市维护费。"
4,TXT_KEY_BUILDING_ROME_CASTRA,罗马兵营,50,,,,,,,"<color=204,204,216,255>Castrum</color>是罗马帝国对<color=204,204,216,255>军营</color>和<color=255,255,0,255>近战部队</color>的罗马替代品。"
5,TXT_KEY_BUILDING_GRANARY,粮仓,60,制陶术( Pottery ),,,,,,"<color=204,204,216,255>粮仓</color>储存食物，加速城市成长。在拥有<color=102,229,255,255>玉米</color>、<color=102,229,255,255>小麦</color>和<color=102,229,255,255>稻米</color>资源的情况下可提升城市健康度。"
6,TXT_KEY_BUILDING_INCAN_TERRACE,梯田,60,制陶术( Pottery ),,,,,,"<color=204,204,216,255>梯田</color>是印加的特色建筑，替代<color=204,204,216,255>粮仓</color>，可提供少量文化点数，并能储存食物加速城市人口增长。如果拥有<color=102,229,255,255>玉米</color>、<color=102,229,255,255>小麦</color>和<color=102,229,255,255>稻米</color>还可提供额外健康点数。"
7,TXT_KEY_BUILDING_WARI_COLCAS,瓦里祭坛,60,制陶术( Pottery ),,,,,,TXT_KEY_BUILDING_WARI_COLCAS_STRATEGY
8,TXT_KEY_BUILDING_INUIT_IGLOO,因纽特冰屋,60,制陶术( Pottery ),,,,,﯆冰原和冻土地块+1 食物和产能,TXT_KEY_BUILDING_INUIT_IGLOO_STRATEGY
9,TXT_KEY_BUILDING_SMOKEHOUSE,熏肉坊,60,畜牧( Pastoralism ),,,,,,"<color=204,204,216,255>熏肉房</color>通过访问<color=102,229,255,255>奶牛</color>、<color=102,229,255,255>鹿</color>、<color=102,229,255,255>猪</color>和<color=102,229,255,255>羊</color>来增加城市的健康。"
10,TXT_KEY_BUILDING_SCOTTISH_SHIELING,牧羊场,60,畜牧( Pastoralism ),,,,,,TXT_KEY_BUILDING_SCOTTISH_SHIELING_STRATEGY
11,TXT_KEY_BUILDING_ZIMBABWE_KRAAL,津巴布韦牧场,60,畜牧( Pastoralism ),,,,,,"<color=204,204,216,255>津巴布韦牧场</color>是津巴布韦替代[COLOR\u BUILDING_TEXT]烟熏房</color>的产品，提高了<color=102,229,255,255>奶牛</color>、<color=102,229,255,255>鹿</color>、<color=102,229,255,255>猪</color>和<color=102,229,255,255>马[COLOR\u REVERT]的地块产量。"
12,TXT_KEY_BUILDING_KHAZARS_SALTOVO,可萨烟熏室,60,畜牧( Pastoralism ),,,,,羊和牛吸引了丝绸之路,TXT_KEY_BUILDING_KHAZARS_SALTOVO_STRATEGY
13,TXT_KEY_BUILDING_PAGAN_TEMPLE,原始神庙,30,神话( Mythology ),,,,,,"<color=204,204,216,255>异教寺庙</color>提供少量文化。"
14,TXT_KEY_BUILDING_MONUMENT,纪念碑,40,宗教仪式( Ceremony ),,,,,,"<color=204,204,216,255>纪念碑</color>可提供少量文化点数，适宜在早期扩展城市的文化边界。"
15,TXT_KEY_BUILDING_ARMENIAN_KHACHKAR,神圣十字架,40,宗教仪式( Ceremony ),,,,,,TXT_KEY_BUILDING_ARMENIAN_KHACHKAR_STRATEGY
16,TXT_KEY_BUILDING_EGYPTIAN_OBELISK,方尖碑,40,宗教仪式( Ceremony ),,,,,,"<color=204,204,216,255>方尖碑</color>是埃及的特色建筑，替代<color=204,204,216,255>纪念碑</color>，为所在城市带来大量文化产出，可将一个<color=102,229,255,255>市民</color>转化为<color=102,229,255,255>神学家</color>。"
17,TXT_KEY_BUILDING_ETHIOPIAN_STELE,纪念石柱,40,宗教仪式( Ceremony ),,,,,,"<color=204,204,216,255>纪念石柱</color>为埃塞俄比亚的特色建筑，替代<color=204,204,216,255>纪念碑</color>，可使所在城市文化产出大幅增加。"
18,TXT_KEY_BUILDING_INDONESIAN_CANDI,浮屠,40,宗教仪式( Ceremony ),,,,,,"<color=204,204,216,255>浮屠</color>代替<color=204,204,216,255>剧院</color>为印尼提供+1快乐和额外的文化。"
19,TXT_KEY_BUILDING_INDIAN_EDICT,印度纪念碑,40,宗教仪式( Ceremony ),,,,,,"<color=204,204,216,255>法令</color>，印度取代<color=204,204,216,255>纪念碑</color>，降低了城市维护成本。"
20,TXT_KEY_BUILDING_POLYNESIAN_MALAE,玛拉,40,宗教仪式( Ceremony ),,,,,,"<color=204,204,216,255>玛拉</color>，波利尼西亚人取代<color=204,204,216,255>纪念碑</color>，提供额外的文化，并允许您雇用一名<color=102,229,255,255>艺术家</color>专家。"
21,TXT_KEY_BUILDING_NATIVE_AMERICAN_TOTEM_POLE,图腾柱,40,宗教仪式( Ceremony ),,,,,,"<color=204,204,216,255>图腾柱</color>是美洲土著的特色建筑，取代<color=204,204,216,255>原始神庙</color>，为城市新组建投射单位+3经验。"
22,TXT_KEY_BUILDING_TIBET_STATUE,西藏浮雕,40,宗教仪式( Ceremony ),,,,,,"<color=204,204,216,255>纪念碑</color>可提供少量文化点数，适宜在早期扩展城市的文化边界。"
23,TXT_KEY_BUILDING_SWAHILI_ZIARA,斯瓦希里纪念碑,50,宗教仪式( Ceremony ),,,,,,"<color=204,204,216,255>Ziara</color>是斯瓦希里人<color=204,204,216,255>纪念碑</color>的替代品，提供了一条自由贸易路线。"
24,TXT_KEY_BUILDING_NUBIAN_DEFFUFAS,努比亚纪念碑,40,宗教仪式( Ceremony ),,,,,,TXT_KEY_BUILDING_NUBIAN_DEFFUFAS_STRATEGY
25,TXT_KEY_BUILDING_NORTE_CHICO_SHICRA,小北土堡,20,宗教仪式( Ceremony ),,,,,,TXT_KEY_BUILDING_NORTE_CHICO_SHICRA_STRATEGY
26,TXT_KEY_BUILDING_OLMEC_COLOSSAL_HEAD,巨神头像,40,宗教仪式( Ceremony ),,,,,,TXT_KEY_BUILDING_OLMEC_COLOSSAL_HEAD_STRATEGY
27,TXT_KEY_BUILDING_WALLS,城墙,50,建筑构造学( Construction ),弹道学( Ballistics ),,,,,"<color=204,204,216,255>城墙</color>提升城市对火器时代以前单位的防御能力。建造城墙可抵御敌国或蛮族的攻击。"
28,TXT_KEY_BUILDING_NIGERIA_IYA,尼日利亚城墙,50,建筑构造学( Construction ),,,,,,"<color=204,204,216,255>Iya</color>是尼日利亚对<color=204,204,216,255>墙的替代品，降低了城市维护成本。"
29,TXT_KEY_BUILDING_CELTIC_DUN,丘堡,30,建筑构造学( Construction ),弹道学( Ballistics ),,,,,"<color=204,204,216,255>丘堡</color>是凯尔特的特色建筑，替代<color=204,204,216,255>城墙</color>，可提升城市防御冷兵器时代单位的能力，并使所在城市新组建的单位自动获得<color=102,229,255,255>游击一级</color>晋升。"
30,TXT_KEY_BUILDING_MOORS_KASBAH,摩尔城墙,50,建筑构造学( Construction ),弹道学( Ballistics ),,,,,"<color=204,204,216,255>Kasbah</color>是摩尔人对<color=204,204,216,255>墙的替代品[COLOR_ruit_TEXT]，提供额外的食物。"
31,TXT_KEY_BUILDING_STABLE,马厩,60,骑术( Riding ),军力投送( Power_projection ),,,,,"<color=204,204,216,255>马厩</color>为骑乘单位提供额外经验值。"
32,TXT_KEY_BUILDING_MONGOLIAN_GER,毡帐,60,骑术( Riding ),军力投送( Power_projection ),,,,,"<color=204,204,216,255>毡帐</color>是蒙古的特色建筑，替代<color=204,204,216,255>马厩</color>，为所在城市组建的<color=255,255,0,255>骑座单位</color>提供更多的经验。同时增加已开发的<color=102,229,255,255>马</color>、<color=102,229,255,255>牛</color>和<color=102,229,255,255>羊</color>资源地块产出。"
33,TXT_KEY_BUILDING_ARGENTINA_ESTANCIA,阿根廷牧场,60,骑术( Riding ),军力投送( Power_projection ),,,,,"<color=204,204,216,255>阿根廷牧场</color>是<color=204,204,216,255>马厩</color>的阿根廷替代品，为其城市半径内的每个<color=102,229,255,255>牧场</color>提供免费专家。"
34,TXT_KEY_BUILDING_SPAIN_BULLRING,西班牙斗牛场,60,骑术( Riding ),军力投送( Power_projection ),,,,,"<color=204,204,216,255>西班牙斗牛场<color=102,229,255,255>，替代马厩，增加马匹和牛的商业产出"
35,TXT_KEY_BUILDING_XIONGNU_GER_TEREG,毡帐,60,骑术( Riding ),军力投送( Power_projection ),,,,,TXT_KEY_BUILDING_XIONGNU_GER_TEREG_STRATEGY
36,TXT_KEY_BUILDING_LIBRARY,图书馆,90,文字( Writing ),,,,,,"<color=204,204,216,255>图书馆</color>促进城市的科研并提供文化产出。是建造<color=204,204,216,255>大学</color>、<color=204,204,216,255>大图书馆</color>奇观，以及<color=204,204,216,255>民族史诗</color>和<color=204,204,216,255>英雄史诗</color>国家奇观的前提。"
37,TXT_KEY_BUILDING_BABYLONIAN_EDUBBA,泥版书屋,45,文字( Writing ),,,,,,"<color=204,204,216,255>埃杜巴</color>，巴比伦人取代<color=204,204,216,255>Libary</color>，是生产成本的一半，增加了科学产出。"
38,TXT_KEY_BUILDING_CHINESE_TAIXUE,太学,90,文字( Writing ),,,,,,"<color=204,204,216,255>太学</color>是中国的特色建筑，替代<color=204,204,216,255>图书馆</color>，提供额外的文化，所在城市可将一个<color=102,229,255,255>市民</color>转化为<color=102,229,255,255>政治家</color>，可将三个<color=102,229,255,255>市民</color>转化为<color=102,229,255,255>科学家</color>。"
39,TXT_KEY_BUILDING_THAI_HO_TRAI,藏经阁,60,文字( Writing ),,,,,,"<color=204,204,216,255>藏经阁</color>，泰语替代<color=204,204,216,255>库</color>，增加幸福感，而且更便宜。"
40,TXT_KEY_BUILDING_TAMIL_SANGAM,桑迦姆,90,文字( Writing ),,,,,,"<color=204,204,216,255>Sangam</color>，泰米尔替代品<color=204,204,216,255>库</color>，提供额外的文化提升，并允许您雇用一名<color=102,229,255,255>艺术家</color>专家。"
41,TXT_KEY_BUILDING_BURMA_PAYA,缅甸佛塔,90,文字( Writing ),,,,,,TXT_KEY_BUILDING_BURMA_PAYA_STRATEGY
42,TXT_KEY_BUILDING_YUEZHI_GANDHARA_SCHOOL,犍陀罗学校,45,文字( Writing ),,,,,﯆建造宗教建筑时+25%产能。,TXT_KEY_BUILDING_YUEZHI_GANDHARA_SCHOOL_STRATEGY
43,TXT_KEY_BUILDING_HARBOR,港口,60,造船( Shipbuilding ),,,,,,"<color=204,204,216,255>港口</color>提升城市来自商路的收入。如拥有<color=102,229,255,255>蛤蜊</color>、<color=102,229,255,255>螃蟹</color>和<color=102,229,255,255>鱼群</color>资源还可提升城市健康度。"
44,TXT_KEY_BUILDING_CARTHAGE_COTHON,迦太基商港,60,造船( Shipbuilding ),,,,,,"<color=204,204,216,255>科顿</color>是腓尼基人对<color=204,204,216,255>港口的替代品，提供了一条额外的贸易路线。"
45,TXT_KEY_BUILDING_POLYNESIA_FISHERY,波利尼西亚港口,60,造船( Shipbuilding ),,,,,,"<color=204,204,216,255>渔业</color>是波利尼西亚人对<color=204,204,216,255>港口的替代品，为改善海洋资源提供了商业机会。"
46,TXT_KEY_BUILDING_PHILIPPINES_PORT,菲律宾港口,60,造船( Shipbuilding ),,,,,,"<color=204,204,216,255>菲律宾港口</color>，菲律宾替代了<color=204,204,216,255>港口</color>，增加了城市的财富产出。"
47,TXT_KEY_BUILDING_OMAN_MINA,阿曼灯塔,60,造船( Shipbuilding ),,,,,,TXT_KEY_BUILDING_OMAN_MINA_STRATEGY
48,TXT_KEY_BUILDING_AQUEDUCT,引水渠,100,水泥( Cement ),,,,,,"<color=204,204,216,255>引水渠</color>提升城市健康度，并是建造<color=204,204,216,255>空中花园</color>奇观的前提。如希望城市进一步发展可建造<color=204,204,216,255>引水渠</color>，或在居民提出要求时再建造。"
49,TXT_KEY_BUILDING_YEMEN_DAM,也门大坝,100,水泥( Cement ),,,,,,TXT_KEY_BUILDING_YEMEN_DAM_STRATEGY
50,TXT_KEY_BUILDING_KHMER_BARAY,人工湖,100,水泥( Cement ),,,,,,"<color=204,204,216,255>人工湖</color>为高棉特色建筑，替代<color=204,204,216,255>引水渠</color>，除提供健康加成外还额外提供食物奖励。<color=204,204,216,255>人工湖</color>是建造<color=204,204,216,255>空中花园</color>的前提。"
51,TXT_KEY_BUILDING_MOORISH_NORIA,戽水车,80,水泥( Cement ),,,,,,"<color=204,204,216,255>诺里亚</color>，摩尔人取代<color=204,204,216,255>渡槽</color>，更便宜，并提供生产奖金。"
52,TXT_KEY_BUILDING_INDIAN_STEPWELL,TXT_KEY_BUILDING_INDIAN_STEPWELL,100,石工术( Masonry ),,,,,,TXT_KEY_BUILDING_INDIAN_STEPWELL_STRATEGY
53,TXT_KEY_BUILDING_AZTEC_CHINAMPA,阿兹特克引水渠,100,水泥( Cement ),,,,,,"<color=204,204,216,255>阿兹特克引水渠</color>，阿兹特克替代<color=204,204,216,255>引水渠</color>提供健康。它提高了改良的<color=102,229,255,255>玉米</color>地块的食品和商业产量，以及改进的<color=102,229,255,255>香料</color>瓷砖的商业产量。"
54,TXT_KEY_BUILDING_IRAN_AB_ANBAR,伊朗引水渠,100,水泥( Cement ),,,,,,"<color=204,204,216,255>Ab Anbar</color>是伊朗对<color=204,204,216,255>引水渠</color>的替代品，提供了一种文化促进。"
55,TXT_KEY_BUILDING_THEATRE,剧场,60,文献( Literature ),,,,,,"<color=204,204,216,255>剧场</color>提升城市文化值，并可通过文化滑杆调整快乐度。<color=204,204,216,255>剧场</color>也是建造<color=204,204,216,255>环球剧场</color>国家奇观的前提。"
56,TXT_KEY_BUILDING_GREEK_ODEON,露天剧场,60,文献( Literature ),,,,,,"<color=204,204,216,255>露天剧场</color>是希腊的特色建筑，替代<color=204,204,216,255>剧场</color>，提升城市快乐度，可将一个<color=102,229,255,255>市民</color>转化为<color=102,229,255,255>政治家</color>。"
57,TXT_KEY_BUILDING_BYZANTINE_HIPPODROME,赛马场,60,文献( Literature ),,,,,,"<color=204,204,216,255>赛马场</color>为拜占庭的特色建筑，替代<color=204,204,216,255>剧场</color>，提供1单位快乐值，如有<color=102,229,255,255>马匹</color>可再增加1单位快乐，如财政预算中文化支出达到特定比例还可额外增加快乐值。"
58,TXT_KEY_BUILDING_GLOBE_THEATRE,环球剧场,60,文献( Literature ),,,,,,"<color=204,204,216,255>罗马剧场</color>罗马剧场</color>取代了<color=204,204,216,255>剧院</color>，增加了城市的文化产出。他们还可以使用<color=102,229,255,255>染料</color>、<color=102,229,255,255>点击单曲</color>或<color=102,229,255,255>大理石</color>来增加城市的幸福感。"
59,TXT_KEY_BUILDING_ARENA,竞技场,80,工程学( Engineering ),,,,,,"<color=204,204,216,255>竞技场</color>增加城市的快乐值，并可通过调整文化杠杆增加快乐值。所在城市拥有<color=204,204,216,255>竞技场</color>是建造<color=204,204,216,255>体育场</color>的前提。"
60,TXT_KEY_BUILDING_MAYAN_BALL_COURT,球场,60,历法( Calendar ),,,,,,"<color=204,204,216,255>足球场</color>，玛雅人取代<color=204,204,216,255>竞技场</color>，更便宜，增加了进入<color=102,229,255,255>击中足球事件</color>的快乐，并授予在其城市中建造的近战和射箭单位经验点。"
61,TXT_KEY_BUILDING_MEXICAN_CHARREADA,查雷达竞技场,80,工程学( Engineering ),,,,,,"<color=204,204,216,255>Charreada竞技场</color>，墨西哥替代<color=204,204,216,255>竞技场</color>，为在其城市中建造的骑兵单位提供经验点，并增加进入<color=102,229,255,255>马匹</color>的快乐度。"
62,TXT_KEY_BUILDING_BABYLONIAN_GARDEN,花园,80,工程学( Engineering ),,,,,,TXT_KEY_BUILDING_BABYLONIAN_GARDEN_STRATEGY
63,TXT_KEY_BUILDING_BYZANTIUM_BASILICA,东罗马大教堂,80,工程学( Engineering ),,,,,,"<color=204,204,216,255>东罗马大教堂</color>，<color=204,204,216,255>圆形剧场的替代品<color=102,229,255,255>热门足球赛事</color>并不会增加城市的幸福感，它确实增加了城市的幸福感，它提供了一个免费的<color=102,229,255,255>香<color=102,229,255,255>神父</color>。"
64,TXT_KEY_BUILDING_LIGHTHOUSE,灯塔,80,导航学( Navigation ),,,,,,"<color=204,204,216,255>灯塔</color>可提升水域的食物产出。<color=204,204,216,255>灯塔</color>是建造<color=204,204,216,255>大灯塔</color>奇观的前提。"
65,TXT_KEY_BUILDING_VIKING_TRADING_POST,贸易据点,80,导航学( Navigation ),,,,,,"<color=204,204,216,255>贸易据点</color>是维京的特色建筑，替代<color=204,204,216,255>灯塔</color>，可提升城市水域的食物产出，并使城市组建的船只自动获得<color=102,229,255,255>导航一级</color>晋升。"
66,TXT_KEY_BUILDING_CHAD_ZANGO,乍得灯塔,80,导航学( Navigation ),,,,,,TXT_KEY_BUILDING_CHAD_ZANGO_STRATEGY
67,TXT_KEY_BUILDING_WEAVER,织布工坊,80,美学( Aesthetics ),,,,,,"<color=204,204,216,255>织工</color>增加城市的文化产出。他们还可以使用<color=102,229,255,255>绵羊<color=102,229,255,255>、<color=102,229,255,255>棉花<color=102,229,255,255>或<color=102,229,255,255>染料<color=102,229,255,255>，增加城市的幸福感，并允许您雇佣两名<color=102,229,255,255>艺术家<color=102,229,255,255>专家。"
68,TXT_KEY_BUILDING_CONGOLESE_MBWADI,姆瓦迪,80,美学( Aesthetics ),,,,,,"<color=204,204,216,255>姆瓦迪</color>，刚果人取代<color=204,204,216,255>编织者</color>，增加了城市的财富产出，并允许你雇用一个<color=102,229,255,255>商人</color>专家。"
69,TXT_KEY_BUILDING_MARKET,市场,150,货币制度( Currency ),,,,,,"<color=204,204,216,255>市场</color>提升城市商业收入。如拥有<color=102,229,255,255>毛皮</color>、<color=102,229,255,255>象牙</color>、<color=102,229,255,255>丝绸</color>，或<color=102,229,255,255>鲸鱼</color>还可提升城市快乐度。"
70,TXT_KEY_BUILDING_ROMAN_FORUM,中心广场,150,货币制度( Currency ),,,,,,"<color=204,204,216,255>中心广场</color>是罗马的特色建筑，替代<color=204,204,216,255>市场</color>，可增加城市财富积累以及 <color=102,229,255,255>历史伟人</color>的产生几率。在拥有<color=102,229,255,255>毛皮</color>、<color=102,229,255,255>象牙</color>、<color=102,229,255,255>丝绸</color>或<color=102,229,255,255>鲸鱼</color>的条件下还能额外提供快乐点数。"
71,TXT_KEY_BUILDING_PHOENICIAN_GLASSMAKER,玻璃作坊,150,货币制度( Currency ),,,,,,"<color=204,204,216,255>玻璃制造厂</color>，腓尼基人取代<color=204,204,216,255>市场</color>，增加城市的贸易路线产量。"
72,TXT_KEY_BUILDING_GREEK_AGORA,希腊集市,150,货币制度( Currency ),,,,,,"<color=204,204,216,255>希腊集市</color>是希腊<color=204,204,216,255>市场的替代品<color=204,204,216,255>。"
73,TXT_KEY_BUILDING_TURKS_BAZAAR,巴扎市场,150,货币制度( Currency ),,,,,,"<color=204,204,216,255>突厥巴扎</color>是土库曼市场<color=204,204,216,255>市场的替代品，提供五种商业。"
74,TXT_KEY_BUILDING_MAMLUK_SOUQ,露天市场,150,货币制度( Currency ),,,,,,"<color=204,204,216,255>露天市场</color>是马穆鲁克对<color=204,204,216,255>市场的替代品，增加了城市的文化产出。"
75,TXT_KEY_BUILDING_JAIL,监狱,120,律法( Law ),,,,,,"<color=204,204,216,255>监狱</color>减少城市的<color=102,229,255,255>厌战情绪</color>，并增加谍报点数产出。可在要卷入长期战争时，或在市民提出要求时建造。"
76,TXT_KEY_BUILDING_AZTEC_SACRIFICIAL_ALTAR,人牲祭坛,90,律法( Law ),,,,,,"<color=204,204,216,255>人牲祭坛</color>是阿兹特克的特色建筑，替代<color=204,204,216,255>监狱</color>，建造成本更低，可减少通过牺牲人口加速生产造成不满所持续的时间。"
77,TXT_KEY_BUILDING_TURKIC_DIVAN,迪凡,120,律法( Law ),,,,,,"<color=204,204,216,255>迪凡</color>，土库曼民族取代<color=204,204,216,255>监狱</color>，降低了城市的维护成本，并允许你雇用一名<color=102,229,255,255>政治家</color>专家。"
78,TXT_KEY_BUILDING_BATH,浴室,100,传统医学( Medicine ),,,,,,"<color=204,204,216,255>浴室</color>增加城市的文化产出，为城市增加健康。"
79,TXT_KEY_BUILDING_HARAPPAN_RESERVOIR,蓄水池,60,石工术( Masonry ),,,,,,"<color=204,204,216,255>蓄水池</color>是哈拉帕的特色建筑，替代<color=204,204,216,255>浴场</color>，需要<color=127,255,25,255>石工术</color>科技而不是<color=127,255,25,255>传统医学</color>科技即可建造，并且建造时无需<color=204,204,216,255>引水渠</color>。"
80,TXT_KEY_BUILDING_TEOTIHUACAN_TEMAZCAL,特马兹卡尔,100,传统医学( Medicine ),,,,,,"特马兹卡尔是蒂奥蒂华文明的特殊建筑，用于替代<color=204,204,216,255>浴室</color>、<color=204,204,216,255>浴池</color>。它提供了额外的健康，并且不需要<color=204,204,216,255>引水渠</color>"
81,TXT_KEY_BUILDING_OTTOMAN_HAMMAM,土耳其浴室,100,传统医学( Medicine ),,,,,,"<color=204,204,216,255>土耳其浴室</color>是奥斯曼的特色建筑，替代<color=204,204,216,255>引水渠</color>，可提升城市的快乐度和健康度。在城市规模需要扩大或是市民的提出要求时建造<color=204,204,216,255>土耳其浴室</color>。"
82,TXT_KEY_BUILDING_FORGE,煅造场,120,炼钢( Steel ),,,,,,"<color=204,204,216,255>煅造场</color>可提升城市的生产能力，但也会影响城市健康度。<color=204,204,216,255>煅造场</color>是建造<color=204,204,216,255>青铜巨像</color>、<color=204,204,216,255>埃菲尔铁塔</color>和<color=204,204,216,255>自由女神像</color>世界奇观，以及<color=204,204,216,255>大铁厂</color>国家奇观的前提。"
83,TXT_KEY_BUILDING_IRON_FORGE,铁匠铺,80,铁器( Bloomery ),,,,,,TXT_KEY_BUILDING_IRON_FORGE_STRATEGY
84,TXT_KEY_BUILDING_MANDE_MINT,铸币厂,120,炼钢( Steel ),,,,,,"<color=204,204,216,255>铸币厂</color>，曼丁卡替代<color=204,204,216,255>锻造厂</color>，提供了一个小的财富增长。"
85,TXT_KEY_BUILDING_ITALIAN_ART_STUDIO,艺术作坊,120,炼钢( Steel ),,,,,,"<color=204,204,216,255>艺术工作室</color>，意大利替代<color=204,204,216,255>锻造</color>，提供了一个大的文化促进，并允许你雇用一个<color=102,229,255,255>艺术家</color>专家。"
86,TXT_KEY_BUILDING_DUTCH_MILL,荷兰风车,120,炼钢( Steel ),,,,,,"<color=204,204,216,255>荷兰风车</color>是荷兰对<color=204,204,216,255>锻造厂</color>的替代品，它提高了海军部队的建造速度，并允许你雇佣一名<color=102,229,255,255>商人</color>。"
87,TXT_KEY_BUILDING_INCA_STONECUTTER,印加锻造厂,120,炼钢( Steel ),,,,,,"<color=204,204,216,255>印加锻造厂</color>，<color=204,204,216,255>Forge</color>的印加替代品不会增加城市的不健康，它可以通过使用<color=102,229,255,255>石头</color>来增加幸福感，如果有<color=102,229,255,255>石头</color>，它可以非常快速地建造。"
88,TXT_KEY_BUILDING_MUISCA_GOLDSMITH,金匠铺,90,金属熔炼( Smelting ),,,,,﯆每个黄金资源+1金币,TXT_KEY_BUILDING_MUISCA_GOLDSMITH_STRATEGY
89,TXT_KEY_BUILDING_CASTLE,城堡,100,防御工事( Fortification ),城市规划( Urban_planning ),,,,,"<color=204,204,216,255>城堡</color>提升城市对火器时代以前单位的防御能力，增加谍报点数产出，并能积累少量文化值。可在边境城市建造。"
90,TXT_KEY_BUILDING_SPANISH_CITADEL,城防要塞,50,防御工事( Fortification ),城市规划( Urban_planning ),,,,,"<color=204,204,216,255>城防要塞</color>是西班牙的特色建筑，替代<color=204,204,216,255>城堡</color>，可提升城市防御冷兵器时代单位的能力，并使所在城市新组建的压制武器获得额外经验值。"
91,TXT_KEY_BUILDING_KOREA_MOUNTAIN_FORTRESS,高丽堡垒,100,防御工事( Fortification ),城市规划( Urban_planning ),,,,,"<color=204,204,216,255>高丽堡垒</color>是韩国对<color=204,204,216,255>城堡的替代品</color>，增加了一个城市的文化输出，并允许您雇佣一名<color=102,229,255,255>工程师</color>。"
92,TXT_KEY_BUILDING_HUNGARY_VEGVAR,匈牙利城堡,50,防御工事( Fortification ),城市规划( Urban_planning ),,,,,TXT_KEY_BUILDING_HUNGARY_VEGVAR_STRATEGY
93,TXT_KEY_BUILDING_CHIMU_KANCHA,坎查小屋,100,工程学( Engineering ),城市规划( Urban_planning ),,,,,TXT_KEY_BUILDING_CHIMU_KANCHA_STRATEGY
94,TXT_KEY_BUILDING_PHARMACY,药店,120,炼金术( Alchemy ),,,,,,"<color=204,204,216,255>药房</color>通过访问<color=102,229,255,255>香蕉</color>、<color=102,229,255,255>香料</color>或<color=102,229,255,255>葡萄酒</color>，增加城市的健康，并允许您雇用一名<color=102,229,255,255>科学家</color>专家。"
95,TXT_KEY_BUILDING_PERSIAN_APOTHECARY,药剂店,120,传统医学( Medicine ),,,,,,"<color=204,204,216,255>药剂店</color>是波斯的特色建筑，替代<color=204,204,216,255>杂货店</color>，可增加城市的财富积累和健康点数。在拥有<color=102,229,255,255>香料</color>、<color=102,229,255,255>食糖</color>、<color=102,229,255,255>酒类</color>或<color=102,229,255,255>香蕉</color>的条件下还能额外提供健康点数。"
96,TXT_KEY_BUILDING_ARABIAN_ALCHEMIST,炼金作坊,120,炼金术( Alchemy ),,,,,,"<color=204,204,216,255>炼金作坊</color>是阿拉伯的特色建筑，替代<color=204,204,216,255>药房</color>，增加城市的科研产出。"
97,TXT_KEY_BUILDING_POST_OFFICE,邮局,120,造纸术( Paper ),,,,,,"<color=204,204,216,255>邮局</color>提供额外的贸易路线并增加间谍活动。他们还允许你雇用一位<color=102,229,255,255>艺术家<color=102,229,255,255>和<color=102,229,255,255>政治家<color=102,229,255,255>专家。<color=204,204,216,255>邮局</color>需要建立<color=204,204,216,255>新闻出版社</color>。"
98,TXT_KEY_BUILDING_INCAN_TAMBO,土堡驿站,80,工程学( Engineering ),,,,,,"<color=204,204,216,255>Tambo</color>是<color=204,204,216,255>邮局</color>的印加替代品，它需要<color=127,255,25,255>工程</color>技术，而不是<color=127,255,25,255>纸张</color>技术，成本更低，并提高了贸易路线的收益率。"
99,TXT_KEY_BUILDING_INDIA_SHRENI,印度贸易站,120,造纸术( Paper ),,,,,,"<color=204,204,216,255>印度贸易站</color>是印度对<color=204,204,216,255>交易站</color>的替代品，提供健康。"
100,TXT_KEY_BUILDING_MONGOL_YAM,蒙古邮驿,120,造纸术( Paper ),,,,,,"<color=102,229,255,255>Yam</color>是蒙古语对<color=204,204,216,255>邮局</color>的替代品，它将<color=102,229,255,255>移动性I</color>提升为<color=255,255,0,255>t装载单位</color>。"
101,TXT_KEY_BUILDING_IRANIAN_CARAVANSERAI,伊朗商站,120,造纸术( Paper ),,,,,,"<color=204,204,216,255>伊朗商站</color>是伊朗的特色建筑，替代<color=204,204,216,255>邮局</color>，额外增加一条商路，增加已开发的<color=102,229,255,255>熏香</color>、<color=102,229,255,255>丝绸</color>和<color=102,229,255,255>香料</color>资源地块产出。"
102,TXT_KEY_BUILDING_WHARF,码头,140,罗盘( Compass ),,,,,,"<color=204,204,216,255>码头</color>增加该城市的贸易路线收入，并增加该城市的健康，因为可以访问<color=102,229,255,255>蚌</color>、<color=102,229,255,255>蟹</color>和<color=102,229,255,255>鱼</color>资源。建造<color=204,204,216,255>特拉法加广场</color>世界奇观需要一个<color=204,204,216,255>码头</color>。"
103,TXT_KEY_BUILDING_COFFEEHOUSE,咖啡馆,120,艺术赞助( Patronage ),,,,,,"<color=204,204,216,255>咖啡馆</color>增加城市的文化产出。他们还可以使用<color=102,229,255,255>咖啡<color=102,229,255,255>、<color=102,229,255,255>糖<color=102,229,255,255>、<color=102,229,255,255>茶<color=102,229,255,255>或<color=102,229,255,255>烟草<color=102,229,255,255>，增加城市的幸福感。"
104,TXT_KEY_BUILDING_FRENCH_SALON,沙龙,120,艺术赞助( Patronage ),,,,,,"<color=204,204,216,255>沙龙</color>是法国的特色建筑，替代<color=204,204,216,255>天文台</color>，提升所在城市文化，加快<color=102,229,255,255>伟人</color>出现速度，可将一个<color=102,229,255,255>市民</color>转化为<color=102,229,255,255>政治家</color>。"
105,TXT_KEY_BUILDING_CHINESE_PAVILLION,舞榭,120,艺术赞助( Patronage ),,,,,,"<color=204,204,216,255>展览馆</color>是<color=204,204,216,255>中国文明的咖啡馆的替代品<color=102,229,255,255>允许增加1名艺术家</color>。"
106,TXT_KEY_BUILDING_ENGLAND_PUBLIC_HOUSE,英国酒吧,120,艺术赞助( Patronage ),,,,,,"<color=204,204,216,255>英国酒吧</color>是<color=204,204,216,255>咖啡厅</color>的英文替代品，增加了贸易路线收益。"
107,TXT_KEY_BUILDING_JAPAN_TEAHOUSE,日本茶室,120,艺术赞助( Patronage ),,,,,,"<color=204,204,216,255>茶馆</color>茶馆<color=204,204,216,255>咖啡厅</color>的日文替代品，通过访问<color=102,229,255,255>Tea</color>，增加商业和间谍活动输出。"
108,TXT_KEY_BUILDING_KHMER_PAGODA,高棉佛塔,120,艺术赞助( Patronage ),,,,,,"<color=204,204,216,255>宝塔</color>是高棉人对<color=204,204,216,255>咖啡馆的替代品<color=102,229,255,255>神父</color>。"
109,TXT_KEY_BUILDING_VIKING_MEADHALL,维京咖啡馆,120,艺术赞助( Patronage ),,,,,,"<color=204,204,216,255>Meadhall</color>是维京人取代<color=204,204,216,255>咖啡屋</color>的产品，增加了幸福感。"
110,TXT_KEY_BUILDING_BANK,银行,200,金融学( Finance ),,,,,,"<color=204,204,216,255>银行</color>可大大提升城市商业收入。<color=204,204,216,255>银行</color>是建造<color=204,204,216,255>华尔街</color>国家奇观的前提。"
111,TXT_KEY_BUILDING_ENGLISH_ROYAL_EXCHANGE,皇家交易所,200,金融学( Finance ),,,,,,"<color=204,204,216,255>皇家交易所</color>是英格兰的特色建筑，替代<color=204,204,216,255>银行</color>，更大幅增加所在城市的金币产出。"
112,TXT_KEY_BUILDING_MALI_SALT_MINE,马里盐矿,200,金融学( Finance ),,,,,,"<color=204,204,216,255>马里盐矿<color=102,229,255,255>银行</color>的马里替代品<color=102,229,255,255>商店</color>和一名<color=102,229,255,255>工程师</color>。"
113,TXT_KEY_BUILDING_SWEDEN_RIKSBANK,瑞典皇家银行,200,金融学( Finance ),,,,,,"瑞典的<color=204,204,216,255>瑞典皇家银行</color>极大地增加了一个城市的财富生产，并提高了一个城市的<color=102,229,255,255>伟人</color>的出生率。"
114,TXT_KEY_BUILDING_MANCHURIA_PIAOHAO,满清票号,200,金融学( Finance ),,,,,,"<color=204,204,216,255>票号</color>是满洲人对<color=204,204,216,255>银行的替代品，储存食物。"
115,TXT_KEY_BUILDING_CONSTABULARY,警察局,150,司法( Judiciary ),,,,,,"<color=204,204,216,255>警察局</color>降低城市的<color=102,229,255,255>厌战</color>并增加间谍活动。他们还增加了使用间谍滑块的幸福输出。"
116,TXT_KEY_BUILDING_CANADIAN_ROYAL_MOUNTED_POLICE,皇家骑警署,150,司法( Judiciary ),,,,,,"<color=204,204,216,255>皇家骑警署</color>是加拿大的特色建筑，替代<color=204,204,216,255>警察局</color>，能增加<color=102,229,255,255>马</color>资源带来的快乐。"
117,TXT_KEY_BUILDING_CUSTOMS_HOUSE,海关,180,物流( Logistics ),,,,,,"<color=204,204,216,255>海关</color>增加城市海外商路产生的商业。所在城市拥有<color=204,204,216,255>海关</color>是建造<color=204,204,216,255>集装箱码头</color>的前提。"
118,TXT_KEY_BUILDING_PORTUGUESE_FEITORIA,费里亚托,180,物流( Logistics ),,,,,,"<color=204,204,216,255>Feitoria</color>，葡萄牙人取代<color=204,204,216,255>海关</color>，提高了水田的商业产出。"
119,TXT_KEY_BUILDING_ITALY_COLLEGANTIA,意大利海关,180,物流( Logistics ),,,,,,"<color=204,204,216,255>Collegantia</color>是意大利替代<color=204,204,216,255>海关大楼</color>，不需要<color=204,204,216,255>港口</color>或海岸。"
120,TXT_KEY_BUILDING_TAMIL_TRADE_GUILD,泰米尔行会,180,物流( Logistics ),,,,,,"<color=204,204,216,255>Trade Guild</color>，泰米尔人取代了<color=204,204,216,255>海关大楼</color>，增加了财富。"
121,TXT_KEY_BUILDING_AUSTRALIAN_IMMIGRATION_OFFICE,澳大利亚移民局,180,物流( Logistics ),,,,,﯆增加了吸引移民的机会,"<color=204,204,216,255>移民局</color>是澳大利亚替代<color=204,204,216,255>海关大楼</color>的地方，可在每个城市修建，并提供额外的贸易路线。"
122,TXT_KEY_BUILDING_UNIVERSITY,大学,200,学术精神( Academia ),,,,,,"<color=204,204,216,255>大学</color>提升城市的科研能力并产生文化值。<color=204,204,216,255>大学</color>是建造<color=204,204,216,255>牛津大学</color>国家奇观的前提。"
123,TXT_KEY_BUILDING_KOREAN_SEOWON,私塾,200,造纸术( Paper ),,,,,,"<color=204,204,216,255>私塾</color>是高丽的特色建筑，替代<color=204,204,216,255>大学</color>，提升城市科研能力的作用比<color=204,204,216,255>大学</color>更强，并能提供文化点数。"
124,TXT_KEY_BUILDING_TIBETAN_GOMPA,禅修堂,200,造纸术( Paper ),,,,,,"<color=204,204,216,255>贡帕</color>，藏语替代<color=204,204,216,255>大学</color>，提供较少的研究，增加一个城市对预火药单位的防御，允许你雇用一个<color=102,229,255,255>牧师</color>专家，提供免费的<color=102,229,255,255>牧师</color>专家，不需要<color=204,204,216,255>库</color>，并且需要<color=127,255,25,255>纸张</color>技术，而不是<color=127,255,25,255>学术界</color>技术。"
125,TXT_KEY_BUILDING_AMERICA_PUBLIC_UNIVERSITY,美国公立大学,200,学术精神( Academia ),,,,,,"<color=204,204,216,255>美国公立大学</color>是美国取代<color=204,204,216,255>大学</color>的大学，它增加了一个城市的财富产出。"
126,TXT_KEY_BUILDING_ARABIA_NIZAMIYYA,阿拉伯尼札米亚学校,200,学术精神( Academia ),,,,,,"<color=102,229,255,255>尼札米亚</color>尼扎米耶<color=102,229,255,255>大学</color>的阿拉伯替代品，允许您雇佣一名<color=102,229,255,255>牧师</color>和一名<color=102,229,255,255>科学家</color>。"
127,TXT_KEY_BUILDING_CIVIC_SQUARE,市民广场,150,治国术( Statecraft ),,,,,,"<color=204,204,216,255>市民广场</color>增加城市的文化输出。他们还提高了一个城市的<color=102,229,255,255>伟人</color>出生率，并允许你雇用一位<color=102,229,255,255>政治家</color>专家。"
128,TXT_KEY_BUILDING_HOLY_ROMAN_RATHAUS,议会厅,150,治国术( Statecraft ),,,,,,"<color=204,204,216,255>议会厅</color>为神圣罗马的特色建筑，替代<color=204,204,216,255>法庭</color>，可使城市维护费大幅减少。"
129,TXT_KEY_BUILDING_POLISH_SEJMIK,贵族议会,150,治国术( Statecraft ),,,,,,"<color=204,204,216,255>波兰地区议会</color>，波兰替代<color=204,204,216,255>法院</color>，提供少量现金和幸福奖金。"
130,TXT_KEY_BUILDING_BRAZIL_SAMBADROME,巴西桑巴广场,150,治国术( Statecraft ),,,,,,"<color=204,204,216,255>巴西桑巴广场</color>是巴西的<color=204,204,216,255>公民广场</color>的替代品，增加了幸福感。"
131,TXT_KEY_BUILDING_CONGO_WENE,刚果广场,150,治国术( Statecraft ),,,,,,"<color=204,204,216,255>刚果广场</color>，刚果人对<color=204,204,216,255>公民广场的替代品，提供了一个免费的<color=102,229,255,255>政治家</color>。"
132,TXT_KEY_BUILDING_INDONESIA_PENDOPO,印尼公民广场,150,治国术( Statecraft ),,,,,,"<color=204,204,216,255>印尼公民广场</color>是印度尼西亚的<color=204,204,216,255>公民广场</color>的替代品，允许您雇佣一名<color=102,229,255,255>工程师</color>。"
133,TXT_KEY_BUILDING_VIETNAM_DINH,越南市民广场,150,治国术( Statecraft ),,,,,,"<color=204,204,216,255>Dinh</color>，越南替代<color=204,204,216,255>市民广场</color>的UB，为本市所有符合条件的军事单位提供<color=102,229,255,255>城市守卫I</color>升级。"
134,TXT_KEY_BUILDING_TIWANAKU_KALASASAYA,卡拉萨萨亚神庙,100,建筑构造学( Construction ),,,,,,TXT_KEY_BUILDING_TIWANAKU_KALASASAYA_STRATEGY
135,TXT_KEY_BUILDING_SEWER,城市排水系统,150,城市规划( Urban_planning ),,,,,,"<color=204,204,216,255>下水道</color>改善城市健康。<color=204,204,216,255>建造<color=204,204,216,255>修道院米尔斯</color>世界奇观需要下水道</color>。"
136,TXT_KEY_BUILDING_HARAPPAN_SEWER,哈拉帕城市排水系统,100,水泥( Cement ),,,,,,"<color=204,204,216,255>哈拉帕城市排水系统</color>，哈拉帕替代<color=204,204,216,255>下水道</color>，更便宜，不需要<color=127,255,25,255>城市规划</color>技术，但需要<color=127,255,25,255>水泥</color>技术。"
137,TXT_KEY_BUILDING_STAR_FORT,星堡,150,城市规划( Urban_planning ),,,,,,"<color=204,204,216,255>星际堡垒</color>减少所有单位的轰炸伤害。"
138,TXT_KEY_BUILDING_MUGHAL_FORT,莫卧尔星堡,150,城市规划( Urban_planning ),,,,,,"<color=204,204,216,255>Qila</color>是莫卧儿帝国<color=204,204,216,255>星堡的替代品，为火药部队提供经验。"
139,TXT_KEY_BUILDING_RUSSIA_KREMLIN,俄罗斯内城,150,城市规划( Urban_planning ),,,,,,"<color=204,204,216,255>Kremlin</color>, 是俄罗斯取代<color=204,204,216,255>星堡</color>的，它增加了间谍活动的数量，帮助挫败对手的间谍，并为<color=255,255,0,255>间谍单位</color>提供经验。"
140,TXT_KEY_BUILDING_BOER_PLAAS,波尔星堡,150,城市规划( Urban_planning ),,,,,,"<color=204,204,216,255>Plaas</color>是波尔人对<color=204,204,216,255>星堡</color>的替代品，提供两种额外的食物。"
141,TXT_KEY_BUILDING_ESTATE,庄园,120,园艺( Horticulture ),,,,,,"<color=204,204,216,255>庄园</color>大幅增加了一个城市的文化产出。它们还可以通过使用文化滑块增加幸福感输出，并允许您雇用一名<color=102,229,255,255>艺术家<color=102,229,255,255>和<color=102,229,255,255>政治家<color=102,229,255,255>专家。"
142,TXT_KEY_BUILDING_MUGHAL_MAUSOLEUM,陵墓,120,遗产( Heritage ),,,,,,"<color=204,204,216,255>陵墓</color>，莫卧儿人取代<color=204,204,216,255>庄园</color>，需要<color=127,255,25,255>遗产</color>技术，而不是<color=127,255,25,255>园艺</color>技术，并提供免费<color=102,229,255,255>艺术家</color>"
143,TXT_KEY_BUILDING_BRAZILIAN_FAZENDA,巴西农场,120,园艺( Horticulture ),,,,,,"<color=204,204,216,255>巴西农场</color>是巴西的特色建筑，替代<color=204,204,216,255>庄园</color>，增加已开发的<color=102,229,255,255>香蕉</color>、<color=102,229,255,255>香料</color>、<color=102,229,255,255>糖</color>、<color=102,229,255,255>咖啡</color>和<color=102,229,255,255>烟草</color>资源地块产出。"
144,TXT_KEY_BUILDING_COLOMBIAN_HACIENDA,哥伦比亚庄园,120,园艺( Horticulture ),,,,,,"<color=204,204,216,255>哥伦比亚庄园</color>是哥伦比亚的特色建筑，替代<color=204,204,216,255>庄园</color>，增加已开发的<color=102,229,255,255>香蕉</color>和<color=102,229,255,255>咖啡</color>资源地块产出。"
145,TXT_KEY_BUILDING_FRANCE_CHATEAU,法国庄园,120,园艺( Horticulture ),,,,,,"<color=204,204,216,255>法国庄园</color>是<color=204,204,216,255>庄园</color>的法国替代品，允许您另外雇佣一名<color=102,229,255,255>艺术家</color>和<color=102,229,255,255>政治家</color>。"
146,TXT_KEY_BUILDING_POLAND_FOLWARK,波兰庄园,120,园艺( Horticulture ),,,,,,"<color=204,204,216,255>Folwark</color>是<color=204,204,216,255>庄园</color>的波兰替代品，在生长后储存食物。"
147,TXT_KEY_BUILDING_PORTUGAL_COLONY_ADMINISTRATION,葡萄牙殖民管理局,120,园艺( Horticulture ),,,,,,"<color=204,204,216,255>殖民管理局</color>是葡萄牙对<color=204,204,216,255>庄园</color>的替代品，为其半径的每个<color=102,229,255,255>种植园提供免费专家。"
148,TXT_KEY_BUILDING_DRYDOCK,干船坞,120,水利工程( Hydraulics ),,,,,,"<color=204,204,216,255>干船坞</color>在你卷入海战时将非常有用。<color=204,204,216,255>干船坞</color>能更快地建造舰船，并提供额外经验点，但<color=204,204,216,255>干船坞</color>也会影响城市健康度。"
149,TXT_KEY_BUILDING_LEVEE,防洪堤,250,水利工程( Hydraulics ),,,,,,"建造<color=204,204,216,255>防洪堤</color>可使沿河地块额外增加1单位产能。"
150,TXT_KEY_BUILDING_DUTCH_DIKE,堤防,200,水利工程( Hydraulics ),,,,,,"<color=204,204,216,255>堤坝</color>，荷兰人取代了<color=204,204,216,255>堤坝</color>，从一个城市生产的所有水砖中获得生产奖金。"
151,TXT_KEY_BUILDING_THAI_FLOATING_MARKET,泰国水上市场,180,水利工程( Hydraulics ),,,,,,"<color=204,204,216,255>泰国浮动市场</color>，泰国替代<color=204,204,216,255>堤坝</color>，增加了河边瓷砖的商业收益。"
152,TXT_KEY_BUILDING_OBSERVATORY,天文台,150,物理学( Physics ),,,,,,"<color=204,204,216,255>天文台</color>提升城市科研能力。是建造<color=204,204,216,255>实验室</color>的前提。"
153,TXT_KEY_BUILDING_EGYPT_PYRAMID,埃及库什特金字塔,120,数学( Mathematics ),,,,,,"<color=204,204,216,255>库什特金字塔</color>是埃及替代<color=204,204,216,255>天文台</color>的替代品，更便宜，不需要<color=127,255,25,255>物理</color>技术，需要<color=127,255,25,255>数学</color>技术，并且需要<color=204,204,216,255>库</color>存在。"
154,TXT_KEY_BUILDING_MAYA_KATUN,玛雅纪念碑,150,物理学( Physics ),,,,,,"<color=204,204,216,255>K'atun</color>是玛雅人对<color=204,204,216,255>天文台的替代品，它增加了城市的科学产出。如果<color=102,229,255,255>Stone</color>可用，则可以非常快速地构建它。"
155,TXT_KEY_BUILDING_WAREHOUSE,仓库,200,测量学( Measurement ),,,,,,"<color=204,204,216,255>仓库</color>增加一个城市的财富，允许你雇佣两个<color=102,229,255,255>商人</color>专家。<color=204,204,216,255>仓库</color>需要建立<color=204,204,216,255>物流中心</color>。"
156,TXT_KEY_BUILDING_NOVGOROD_KONETS,康茨商栈,150,机械( Machinery ),,,,,,TXT_KEY_BUILDING_NOVGOROD_KONETS_STRATEGY
157,TXT_KEY_BUILDING_COURTHOUSE,法庭,200,社会契约( Social_contract ),,,,,,"<color=204,204,216,255>法庭</color>降低城市维护费，增加谍报点数产出，并是建造<color=204,204,216,255>紫禁城</color>国家奇观的前提.<color=204,204,216,255>法庭</color>可帮助维持广阔的帝国。"
158,TXT_KEY_BUILDING_TATAR_ORDA,白帐,150,火药( Gunpowder ),,,,,,白帐
159,TXT_KEY_BUILDING_ETHIOPIA_XEER,埃塞尔比亚法院,100,社会契约( Social_contract ),,,,,,"<color=204,204,216,255>埃塞尔比亚法院</color>是埃塞俄比亚替代<color=204,204,216,255>法院大楼</color>的便宜得多。"
160,TXT_KEY_BUILDING_PERSIA_SATRAP_COURT,波斯萨特拉普法院,200,贵族( Nobility ),,,,,,"<color=204,204,216,255>Satrap Court</color>，波斯语替代了<color=204,204,216,255>法院</color>，增加了幸福感。"
161,TXT_KEY_BUILDING_KIEVAN_RUS_VECHE,基辅罗斯法院,60,律法( Law ),,,,,,TXT_KEY_BUILDING_KIEVAN_RUS_VECHE_STRATEGY
162,TXT_KEY_BUILDING_LITHUANIAN_SEIMELIS,塞米利斯(Seimelis),200,社会契约( Social_contract ),,,,,,TXT_KEY_BUILDING_LITHUANIAN_SEIMELIS_STRATEGY
163,TXT_KEY_BUILDING_FACTORY,工厂,250,机床( Machine_tools ),,,,,,"<color=204,204,216,255>工厂</color>提升城市生产力，但会显著影响健康度。<color=204,204,216,255>工厂</color>是建造<color=204,204,216,255>火电站</color>、<color=204,204,216,255>水电站</color>，或<color=204,204,216,255>核电站</color>的前提，在拥有相应资源的情况下能提升生产力。"
164,TXT_KEY_BUILDING_GERMAN_ASSEMBLY_PLANT,装配工厂,250,机床( Machine_tools ),,,,,,"<color=204,204,216,255>装配工厂</color>是德国的特色建筑，替代<color=204,204,216,255>工厂</color>，为所在城市组建的装甲单位提供经验，并在所在城市增加一名免费<color=102,229,255,255>工程师</color>，可将一个<color=102,229,255,255>市民</color>转化为<color=102,229,255,255>工程师</color>。拥有<color=102,229,255,255>煤</color>资源可使装配工厂建造速度加快50%。"
165,TXT_KEY_BUILDING_JAPANESE_ZAIBATSU,日本财阀,125,机床( Machine_tools ),,,,,,"<color=204,204,216,255>财阀</color>，日本取代<color=204,204,216,255>工厂</color>，更便宜，给一个免费的<color=102,229,255,255>工程师</color>专家和提高商业产出的水田。"
166,TXT_KEY_BUILDING_DISTILLERY,酿酒厂,180,化学( Chemistry ),,,,,,"<color=204,204,216,255>酒厂</color>增加城市的不健康，并提高COLOR_HIGHLIGHT_TEXT]大米</color>、COLOR_HIGHLIGHT_TEXT]小麦</color>、COLOR_HIGHLIGHT_TEXT]糖</color>和COLOR_HIGHLIGHT_TEXT]葡萄酒</color>的瓷砖产量。"
167,TXT_KEY_BUILDING_PARK,公园,200,生物学( Biology ),,,,,,"<color=204,204,216,255>公园</color>增加城市的健康和幸福。"
168,TXT_KEY_BUILDING_ISRAELI_KIBBUTZ,以色列基布兹,200,社会学( Sociology ),,,,,,"<color=204,204,216,255>基布兹</color>是以色列取代<color=204,204,216,255>公园</color>的地方，它提供额外的食物，并提高一个城市的<color=102,229,255,255>伟人</color>的出生率。"
169,TXT_KEY_BUILDING_MISSISSIPPI_EFFIGY_MOUND,雕像墩,100,简单机械( Leverage ),,,,,,TXT_KEY_BUILDING_MISSISSIPPI_EFFIGY_MOUND_STRATEGY
170,TXT_KEY_BUILDING_COAL_PLANT,火电站,150,内燃机( Engine ),,,,,,"<color=204,204,216,255>火电站</color>为工厂提供电力，但其造成的污染会影响城市健康度。"
171,TXT_KEY_BUILDING_RAILWAY_STATION,火车站,250,铁路( Railroad ),,,,,,"<color=204,204,216,255>火车站</color>增加城市的不健康，提供额外的贸易路线，并允许您雇用一名<color=102,229,255,255>工程师</color>专家。<color=204,204,216,255>火车站</color>需要建造<color=204,204,216,255>城堡Frontenac</color>world wonder"
172,TXT_KEY_BUILDING_LABORATORY,实验室,250,电学( Electricity ),,,,,,"<color=204,204,216,255>实验室</color>可提升城市的科研能力及太空飞船建造能力，但也会影响健康度。"
173,TXT_KEY_BUILDING_RUSSIAN_RESEARCH_INSTITUTE,研究所,250,电学( Electricity ),,,,,,"<color=204,204,216,255>研究所</color>是俄国的特色建筑，替代<color=204,204,216,255>实验室</color>，使所在城市可免费额外供养科学家，并提升科学研究和太空飞船建造速度。"
174,TXT_KEY_BUILDING_NEWS_PRESS,新闻出版社,200,新闻业( Journalism ),,,,,,"<color=204,204,216,255>新闻媒体</color>增加城市的文化产出。他们还提高了一个城市的<color=102,229,255,255>伟人</color>出生率，并允许你雇用一位<color=102,229,255,255>政治家</color>专家。"
175,TXT_KEY_BUILDING_INDUSTRIAL_PARK,工业园区,150,生产流水线( Assembly_line ),,,,,,"建成<color=204,204,216,255>工业园区</color>允许增加两位工程师，再免费供养一位工程师。其代价是增加城市的疾病值。"
176,TXT_KEY_BUILDING_CINEMA,电影院,200,电影( Film ),,,,,,"<color=204,204,216,255>电影院</color>增加城市的文化产出。它们还可以增加幸福感的输出，如果你可以访问<color=102,229,255,255>热门单曲</color>，并允许你雇佣一位<color=102,229,255,255>艺术家</color>专家，则会增加幸福感的输出。"
177,TXT_KEY_BUILDING_HOSPITAL,医院,200,微生物学( Microbiology ),,,,,,"<color=204,204,216,255>医院</color>可帮助单位恢复战斗力，并提升城市健康度。<color=204,204,216,255>医院</color>是建造<color=204,204,216,255>红十字会</color>国家奇观的前提。"
178,TXT_KEY_BUILDING_MEXICO_MENDICANT_ORDER,墨西哥医院,200,微生物学( Microbiology ),,,,,,"<color=204,204,216,255>Mendicant Order</color>是墨西哥对<color=204,204,216,255>医院的替代品，可以增加健康并提供食物奖励。"
179,TXT_KEY_BUILDING_SUPERMARKET,超级市场,150,消费主义( Consumerism ),,,,,,"<color=204,204,216,255>超级市场</color>提升城市健康度，如拥有<color=102,229,255,255>野鹿</color>、<color=102,229,255,255>牛群</color>、<color=102,229,255,255>家猪</color>或<color=102,229,255,255>绵羊</color>还可提升其效果。"
180,TXT_KEY_BUILDING_ARGENTINE_REFRIGERATION_PLANT,冷藏库,150,消费主义( Consumerism ),,,,,,"<color=204,204,216,255>冷藏库</color>是阿根廷的特色建筑，替代COLOR_BUILDING_TEXT]超级市场</color>，增加已开发的<color=102,229,255,255>牛</color>、<color=102,229,255,255>鹿</color>和<color=102,229,255,255>猪</color>资源地块产出。"
181,TXT_KEY_BUILDING_PUBLIC_TRANSPORTATION,公交系统,150,基础设施( Infrastructure ),,,,,,"<color=204,204,216,255>公交系统</color>提升城市健康度，如有<color=102,229,255,255>石油</color>再额外增加健康，如实行<color=102,229,255,255>绿色经济</color>再额外增加健康度。"
182,TXT_KEY_BUILDING_DEPARTMENT_STORE,百货商场,200,石油化工( Synthetics ),,,,,,"<color=204,204,216,255>百货商店</color>在有权使用电力的城市增加财富，并允许您雇用一名<color=102,229,255,255>商人</color>专家。"
183,TXT_KEY_BUILDING_AMERICAN_MALL,购物中心,200,石油化工( Synthetics ),,,,,,"<color=204,204,216,255>购物中心</color>是美国的特色建筑，替代<color=204,204,216,255>百货商店</color>，在城市通电的情况下，可大幅增加城市金币产出，并能增加<color=102,229,255,255>热门足球赛事</color>、<color=102,229,255,255>热门单曲</color>和<color=102,229,255,255>卖座电影</color>资源为城市带来的快乐度。"
184,TXT_KEY_BUILDING_BROADCAST_TOWER,广播塔,175,无线电( Radio ),,,,,,"<color=204,204,216,255>广播塔</color>可大大提升城市文化产出。并可提升通过文化滑杆调整快乐度的能力。"
185,TXT_KEY_BUILDING_CANADA_MICROWAVE,加拿大微波站,175,无线电( Radio ),,,,,,"<color=204,204,216,255>加拿大微波站</color>是加拿大替代<color=204,204,216,255>广播塔</color>的设备，它能更大程度地提高文化输出。"
186,TXT_KEY_BUILDING_INTELLIGENCE_AGENCY,情报局,180,心理学( Psychology ),,,,,,"建成<color=204,204,216,255>情报局</color>可增加城市谍报点数。并允许增加两位间谍类专业人员。"
187,TXT_KEY_BUILDING_ELECTRICAL_GRID,电网,150,社会服务( Social_services ),,,,,,"<color=204,204,216,255>电网</color>增加有电力供应的城市的商业产出。<color=204,204,216,255>构建<color=204,204,216,255>光纤网络</color>需要电网</color>。"
188,TXT_KEY_BUILDING_AIRPORT,机场,250,航空学( Aviation ),,,,,,"<color=204,204,216,255>机场</color>可使城市商路增加，使城市新建空军单位获得经验奖励，并提升城市可容纳空军单位数量。拥有<color=204,204,216,255>机场</color>的城市每回合可空运一个单位到其他城市，空军单位容纳数量+4（总计为8）。<color=204,204,216,255>机场</color>也会影响城市健康度。"
189,TXT_KEY_BUILDING_BUNKER,地堡,100,火箭( Rocketry ),,,,,,"<color=204,204,216,255>地堡</color>减少空中单位造成的破坏。可在敌方拥有强大空军时（或之前！）建造。"
190,TXT_KEY_BUILDING_PRUSSIA_PILLBOX,普鲁士碉堡,100,雷达技术( Radar ),,,,,,"<color=204,204,216,255>碉堡</color>是普鲁士人对<color=204,204,216,255>掩体的替代品，它降低了敌方轰炸机的伤害并降低了战争疲劳。"
191,TXT_KEY_BUILDING_BOMB_SHELTER,防空洞,100,核裂变( Fission ),,,,,,"<color=204,204,216,255>防空洞</color>减少核打击造成的破坏。应在重要的城市建造。"
192,TXT_KEY_BUILDING_HYDRO_PLANT,水电站,200,数码产品( Electronics ),,,,,,"<color=204,204,216,255>水电站</color>为<color=204,204,216,255>工厂</color>提供电力，且不会造成污染。"
193,TXT_KEY_BUILDING_SECURITY_BUREAU,安全局,220,雷达技术( Radar ),,,,,,"<color=204,204,216,255>安全局</color>增加敌方在其城市的间谍任务成本，并将<color=102,229,255,255>线人I</color>授予在其城市建造的<color=255,255,0,255>间谍单元</color>。"
194,TXT_KEY_BUILDING_STADIUM,体育场,200,电视机( Television ),,,,,,"<color=204,204,216,255>体育场</color>提供快乐，增加城市的文化产出，获得权力。如果你能进入 <color=102,229,255,255>足球比赛</color>，他们也会增加你的快乐。"
195,TXT_KEY_BUILDING_CONTAINER_TERMINAL,集装箱码头,300,雷达技术( Radar ),,,,,,"<color=204,204,216,255>集装箱码头</color>增加城市外贸路线产生的商业。"
196,TXT_KEY_BUILDING_NUCLEAR_PLANT,核电站,250,核能( Nuclear_power ),,,,,,"在拥有<color=102,229,255,255>铀</color>的情况下，<color=204,204,216,255>核电站</color>可为<color=204,204,216,255>工厂</color>提供电力。"
197,TXT_KEY_BUILDING_SUPERCOMPUTER,超级计算机,400,电子计算机( Computers ),,,,,,"<color=204,204,216,255>超级计算机</color>增加了一个城市的科学研究，使你有机会获得电力，并允许你雇用一位<color=102,229,255,255>科学家</color>专家。"
198,TXT_KEY_BUILDING_HOTEL,酒店,200,旅游业( Tourism ),,,,,,"<color=204,204,216,255>酒店</color>增加城市的文化输出。它们还增加了贸易路线的产量，并增加了贸易路线的产量，每一个层次的文化。"
199,TXT_KEY_BUILDING_COLOMBIA_RESORT,哥伦比亚度假村,200,旅游业( Tourism ),,,,,,"<color=204,204,216,255>哥伦比亚度假村</color>是哥伦比亚取代<color=204,204,216,255>酒店的酒店</color>，为不同文化层次的贸易路线收益率提供了越来越高的收益率。"
200,TXT_KEY_BUILDING_RECYCLING_CENTER,回收中心,300,生态学( Ecology ),,,,,,"<color=204,204,216,255>回收中心</color>可消除城市设施带来的污染，例如<color=204,204,216,255>煅造场</color>和<color=204,204,216,255>工场</color>，污染问题在大城市中相当严重。"
201,TXT_KEY_BUILDING_LOGISTICS_CENTER,物流中心,400,移动通信( Telecommunications ),,,,,,"<color=204,204,216,255>物流中心</color>增加城市的财富，获得电力，并允许您雇用一名<color=102,229,255,255>商人</color>专家。"
202,TXT_KEY_BUILDING_SOLAR_PLANT,太阳能发电厂,200,可再生能源( Renewable_energy ),,,,,,"<color=204,204,216,255>太阳能发电厂</color>提供无污染电力。"
203,TXT_KEY_BUILDING_FIBER_NETWORK,光纤网络,500,超导( Superconductors ),,,,,,"<color=204,204,216,255>光纤网络</color>增加有电力供应的城市的商业产出。"
204,TXT_KEY_BUILDING_AUTOMATED_FACTORY,自动化工厂,500,自动化( Automation ),,,,,,"<color=204,204,216,255>自动化工厂</color>在有电力供应的城市增加产量，并允许您雇用一名<color=102,229,255,255>工程师</color>专家。"
205,TXT_KEY_BUILDING_VERTICAL_FARM,垂直农场,500,生物科技( Biotechnology ),,,,,,"<color=204,204,216,255>垂直农场</color>在有电力供应的城市增加粮食产量。"
206,TXT_KEY_BUILDING_JEWISH_TEMPLE,犹太礼拜堂,80,,,,,犹太教,,"<color=204,204,216,255>寺庙</color>提升城市的快乐度和文化值。在游戏早期是扩展文明边界的有效方法。"
207,TXT_KEY_BUILDING_JEWISH_CATHEDRAL,犹太教会堂,300,,,,,犹太教,,"<color=204,204,216,255>犹太教会堂</color>（<color=204,204,216,255>犹太教大教堂</color>）可大大提升城市的文化产出。能使市民更快乐（如<color=102,229,255,255>犹太教</color>为官方信仰）。"
208,TXT_KEY_BUILDING_JEWISH_MONASTERY,犹太修道院,60,,,,,犹太教,,"<color=204,204,216,255>修道院</color>允许你组建<color=255,255,0,255>传教士</color>，用于向其他城市传播信仰。并能提供文化产出，并对科研有少量促进作用。"
209,TXT_KEY_BUILDING_JEWISH_SHRINE,所罗门圣殿,360,,,,,,,"<color=204,204,216,255>所罗门圣殿</color>（<color=204,204,216,255>犹太教圣殿</color>）每回合可从每座信仰<color=102,229,255,255>犹太教</color>的城市获得一个金币。并能向世界传播<color=102,229,255,255>犹太教</color>，还可提升城市产生<color=255,255,0,255>历史伟人</color>的几率。"
210,TXT_KEY_BUILDING_ORTHODOX_TEMPLE,东正教礼拜堂,80,,,,,东正教,,"<color=204,204,216,255>教堂</color>（<color=204,204,216,255>正统寺庙</color>）增加城市的幸福感和文化。<color=204,204,216,255>教堂</color>需要建造<color=204,204,216,255>东正教大教堂</color>建筑。"
211,TXT_KEY_BUILDING_ORTHODOX_CATHEDRAL,东正教大教堂,300,,,,,东正教,,"<color=204,204,216,255>大教堂</color>（<color=204,204,216,255>东正教大教堂</color>）极大地增加了城市的文化产出。如果你的国家宗教是正统的</color>，或者你有权使用</color>香</color>，这会增加城市的幸福感。"
212,TXT_KEY_BUILDING_ORTHODOX_MONASTERY,东正教修道院,60,,,,,东正教,,"<color=204,204,216,255>修道院</color>（<color=204,204,216,255>东正教修道院</color>）允许您创建<color=255,255,0,255>东正教传教士</color>，他们可以在其他城市传播<color=102,229,255,255>正统教</color>。它们也为研究提供了文化和些许推动。"
213,TXT_KEY_BUILDING_ORTHODOX_SHRINE,阿纳斯塔西斯教堂,360,,,,,,,"阿纳斯塔西斯<color=204,204,216,255>教堂</color>（<color=204,204,216,255>东正教神殿</color>）为世界上每一个实行<color=102,229,255,255>正统</color>的城市每转产生一个金币，上限为20金币。它还传播了正统的</color>思想，并增加了城市产生一个<color=255,255,0,255>伟大先知</color>的机会。"
214,TXT_KEY_BUILDING_CATHOLIC_TEMPLE,天主教会,80,,,,,天主教,,"<color=204,204,216,255>教堂</color>（<color=204,204,216,255>天主教寺庙</color>）增加城市的幸福感和文化。<color=204,204,216,255>教堂</color>需要建造<color=204,204,216,255>天主教大教堂</color>建筑。"
215,TXT_KEY_BUILDING_CATHOLIC_CATHEDRAL,天主教大教堂,300,,,,,天主教,,"<color=204,204,216,255>大教堂</color>（<color=204,204,216,255>天主教大教堂</color>）极大地增加了城市的文化输出。如果天主教是你的国教，或者你有权使用香薰，这会增加城市的幸福感。"
216,TXT_KEY_BUILDING_CATHOLIC_MONASTERY,天主教修道院,60,,,,,天主教,,"<color=204,204,216,255>修道院</color>（<color=204,204,216,255>天主教修道院</color>）允许您创建<color=255,255,0,255>天主教传教士</color>，他们可以在其他城市传播<color=102,229,255,255>天主教</color>。它们也为研究提供了文化和些许推动。"
217,TXT_KEY_BUILDING_CATHOLIC_SHRINE,圣彼得大教堂,360,,,,,,,"<color=204,204,216,255>圣彼得大教堂<color=204,204,216,255>（<color=204,204,216,255>天主教神殿<color=204,204,216,255>）为世界上每一个信奉<color=204,204,216,255>天主教<color=204,204,216,255>的城市每转一圈生产一枚黄金。它还传播了天主教（COLOR_HIGHLIGHT_TEXT）的思想，并增加了它的城市产生一个（COLOR_UNIT_TEXT）伟大先知（COLOR_REVERT）的机会。"
218,TXT_KEY_BUILDING_PROTESTANT_TEMPLE,新教教堂,80,,,,,新教,,"<color=204,204,216,255>教堂</color>（<color=204,204,216,255>新教寺庙</color>）增加城市的幸福感和文化。<color=204,204,216,255>教堂</color>需要建造<color=204,204,216,255>新教大教堂</color>建筑。"
219,TXT_KEY_BUILDING_PROTESTANT_CATHEDRAL,新教大教堂,300,,,,,新教,,"<color=204,204,216,255>大教堂</color>（<color=204,204,216,255>新教大教堂</color>）极大地增加了城市的文化产出。如果你的国教是新教，或者你有权使用香，那么这会增加城市的幸福感。"
220,TXT_KEY_BUILDING_PROTESTANT_MONASTERY,新教神学院,60,,,,,新教,,"<color=204,204,216,255>神学院</color>（<color=204,204,216,255>新教修道院</color>）允许您创建<color=255,255,0,255>新教传教士</color>，他们可以在其他城市传播<color=102,229,255,255>新教</color>。它们也为研究提供了文化和些许推动。"
221,TXT_KEY_BUILDING_PROTESTANT_SHRINE,新教圣坛,360,,,,,,,"<color=204,204,216,255>所有圣徒教堂</color>（<color=204,204,216,255>新教神殿</color>）为世界上每一个实行<color=102,229,255,255>新教</color>的城市每转产生一枚金币，上限为20枚。它还传播了新教的思想，增加了城市产生伟大先知的机会。"
222,TXT_KEY_BUILDING_ISLAMIC_TEMPLE,伊斯兰礼拜堂,80,,,,,伊斯兰教,,"<color=204,204,216,255>寺庙</color>提升城市的快乐度和文化值。在游戏早期是扩展文明边界的有效方法。"
223,TXT_KEY_BUILDING_ISLAMIC_CATHEDRAL,伊斯兰清真寺,300,,,,,伊斯兰教,,"<color=204,204,216,255>伊斯兰清真寺</color>（<color=204,204,216,255>伊斯兰大教堂</color>）可大大提升城市的文化产出。能使市民更快乐（如果<color=102,229,255,255>伊斯兰教</color>是官方信仰）。"
224,TXT_KEY_BUILDING_ISLAMIC_MONASTERY,伊斯兰修道院,60,,,,,伊斯兰教,,"<color=204,204,216,255>修道院</color>允许你组建<color=255,255,0,255>传教士</color>，用于向其他城市传播信仰。并能提供文化产出，并对科研有少量促进作用。"
225,TXT_KEY_BUILDING_ISLAMIC_SHRINE,克尔白天房,360,,,,,,,"<color=204,204,216,255>克尔白天房</color>（<color=204,204,216,255>伊斯兰教圣坛</color>）每回合可从每座信仰<color=102,229,255,255>伊斯兰教</color>的城市获得一个金币。并能向世界传播<color=102,229,255,255>伊斯兰教</color>，还可提升城市产生<color=255,255,0,255>历史伟人</color>的几率。"
226,TXT_KEY_BUILDING_HINDU_TEMPLE,印度教神庙,80,,,,,印度教,,"<color=204,204,216,255>寺庙</color>提升城市的快乐度和文化值。在游戏早期是扩展文明边界的有效方法。"
227,TXT_KEY_BUILDING_HINDU_CATHEDRAL,印度教神殿,300,,,,,印度教,,"<color=204,204,216,255>印度教神殿</color>（<color=204,204,216,255>印度教大教堂</color>）可大大提升城市的文化产出。能使市民更快乐（如果<color=102,229,255,255>印度教</color>是官方信仰）。"
228,TXT_KEY_BUILDING_HINDU_MONASTERY,印度教静修院,60,,,,,印度教,,"<color=204,204,216,255>修道院</color>允许你组建<color=255,255,0,255>传教士</color>，用于向其他城市传播信仰。并能提供文化产出，并对科研有少量促进作用。"
229,TXT_KEY_BUILDING_HINDU_SHRINE,印度教黄金殿,360,,,,,,,"<color=204,204,216,255>印度教黄金殿</color>（<color=204,204,216,255>印度教圣坛</color>）每回合可从每座信仰<color=102,229,255,255>印度教</color>的城市获得一个金币。并能向世界传播<color=102,229,255,255>印度教</color>，还可提升城市产生<color=255,255,0,255>历史伟人</color>的几率。"
230,TXT_KEY_BUILDING_BUDDHIST_TEMPLE,佛堂,80,,,,,佛教,,"<color=204,204,216,255>寺庙</color>提升城市的快乐度和文化值。在游戏早期是扩展文明边界的有效方法。"
231,TXT_KEY_BUILDING_BUDDHIST_CATHEDRAL,佛寺,300,,,,,佛教,,"<color=204,204,216,255>佛寺</color>（<color=204,204,216,255>佛教大教堂</color>）可大大提升城市的文化产出。能使市民更快乐（如果<color=102,229,255,255>佛教</color>是官方信仰）。"
232,TXT_KEY_BUILDING_BUDDHIST_MONASTERY,佛院,60,,,,,佛教,,"<color=204,204,216,255>修道院</color>允许你组建<color=255,255,0,255>传教士</color>，用于向其他城市传播信仰。并能提供文化产出，并对科研有少量促进作用。"
233,TXT_KEY_BUILDING_BUDDHIST_SHRINE,大菩提寺,360,,,,,,,"<color=204,204,216,255>大菩提寺</color>（<color=204,204,216,255>佛教圣坛</color>）每回合可从每座信仰<color=102,229,255,255>佛教</color>的城市获得一个金币。并能向世界传播<color=102,229,255,255>佛教</color>，并提升城市产生<color=255,255,0,255>历史伟人</color>的几率。"
234,TXT_KEY_BUILDING_CONFUCIAN_TEMPLE,学馆,80,,,,,儒学,,"<color=204,204,216,255>寺庙</color>提升城市的快乐度和文化值。在游戏早期是扩展文明边界的有效方法。"
235,TXT_KEY_BUILDING_CONFUCIAN_CATHEDRAL,学宫,300,,,,,儒学,,"<color=204,204,216,255>书院</color>（<color=204,204,216,255>儒学大教堂</color>）可大大提升城市的文化产出。能使市民更快乐（如果<color=102,229,255,255>儒学</color>是官方信仰）。"
236,TXT_KEY_BUILDING_CONFUCIAN_MONASTERY,书院,60,,,,,儒学,,"<color=204,204,216,255>修道院</color>允许你组建<color=255,255,0,255>传教士</color>，用于向其他城市传播信仰。并能提供文化产出，并对科研有少量促进作用。"
237,TXT_KEY_BUILDING_CONFUCIAN_SHRINE,孔庙,360,,,,,,,"<color=204,204,216,255>孔庙</color>（<color=204,204,216,255>儒学圣坛</color>）每回合可从每座信仰<color=102,229,255,255>儒学</color>的城市获得一个金币。并能向世界传播<color=102,229,255,255>儒学</color>，还可提升城市产生<color=255,255,0,255>历史伟人</color>的几率。"
238,TXT_KEY_BUILDING_TAOIST_TEMPLE,道观,80,,,,,道教,,"<color=204,204,216,255>寺庙</color>提升城市的快乐度和文化值。在游戏早期是扩展文明边界的有效方法。"
239,TXT_KEY_BUILDING_TAOIST_CATHEDRAL,道宫,300,,,,,道教,,"<color=204,204,216,255>道宫</color>（<color=204,204,216,255>道教大教堂</color>）可大大提升城市的文化产出。能使市民更快乐（如果<color=102,229,255,255>道教</color>是官方信仰）。"
240,TXT_KEY_BUILDING_TAOIST_MONASTERY,道院,60,,,,,道教,,"<color=204,204,216,255>修道院</color>允许你组建<color=255,255,0,255>传教士</color>，用于向其他城市传播信仰。并能提供文化产出，并对科研有少量促进作用。"
241,TXT_KEY_BUILDING_TAOIST_SHRINE,岱庙,360,,,,,,,"<color=204,204,216,255>岱庙</color>（<color=204,204,216,255>道教圣坛</color>）每回合可从每座信仰<color=102,229,255,255>道教</color>的城市获得一个金币。并能向世界传播<color=102,229,255,255>道教</color>，还可提升城市产生<color=255,255,0,255>历史伟人</color>的几率。"
242,TXT_KEY_BUILDING_ZOROASTRIAN_TEMPLE,祆祠,80,,,,,祆教,,"<color=204,204,216,255>火神庙</color>（<color=204,204,216,255>琐罗亚斯德教神庙</color>）增加城市的幸福感和文化。<color=204,204,216,255>建造<color=204,204,216,255>琐罗亚斯德王朝皇家火灾<color=204,204,216,255>建筑需要火神庙</color>。"
243,TXT_KEY_BUILDING_ZOROASTRIAN_CATHEDRAL,祆教圣火,300,,,,,祆教,,"<color=204,204,216,255>皇家火灾</color>（<color=204,204,216,255>琐罗亚斯德大教堂</color>）极大地增加了城市的文化产出。如果你的国家宗教是琐罗亚斯德教，或者你有权使用熏香，这会增加城市的幸福感。"
244,TXT_KEY_BUILDING_ZOROASTRIAN_MONASTERY,祆教会堂,60,,,,,祆教,,"<color=204,204,216,255>Pirs</color>（<color=204,204,216,255>琐罗亚斯德修道院</color>）允许您创建<color=255,255,0,255>琐罗亚斯德教Magu</color>，他们可以在其他城市传播<color=102,229,255,255>琐罗亚斯德教</color>。它们也为研究提供了文化和些许推动。"
245,TXT_KEY_BUILDING_ZOROASTRIAN_SHRINE,法恩贝格圣火坛,360,,,,,,,"<color=204,204,216,255>阿德尔·法恩巴格</color>（<color=204,204,216,255>琐罗亚斯德教圣殿</color>）为世界上每一个实行<color=102,229,255,255>琐罗亚斯德教</color>的城市每转产生一枚金币，上限为20枚金币。它也在全世界传播了琐罗亚斯德教</color>，并增加了这个城市产生</color>伟大先知</color>的机会。"
246,TXT_KEY_BUILDING_ACADEMY,科学院,360,哲学( Philosophy ),,,,,,"<color=204,204,216,255>科学院</color>可提升城市的科研能力以及文化产出。"
247,TXT_KEY_BUILDING_ADMINISTRATIVE_CENTER,行政中心,360,政治学( Politics ),,,,,,"<color=204,204,216,255>行政中心</color>降低了附近城市的维护成本。"
248,TXT_KEY_BUILDING_MANUFACTORY,制造厂,360,行会( Guilds ),,,,,,"<color=204,204,216,255>制造厂</color> 增加一个城市的产量和增加贸易路线的产出。"
249,TXT_KEY_BUILDING_ARMOURY,军械库,360,公社( Commune ),,,,,,"<color=204,204,216,255>军械库</color> 增加一个城市的军事单位产量。"
250,TXT_KEY_BUILDING_MUSEUM,博物馆,360,遗产( Heritage ),,,,,,"<color=204,204,216,255>博物馆</color> 大大增加了一个城市的文化输出。他们还根据文化水平提高了一个城市的<color=102,229,255,255>伟人</color> 出生率。"
251,TXT_KEY_BUILDING_STOCK_EXCHANGE,证券交易所,360,经济学( Economics ),,,,,,"<color=204,204,216,255>证券交易所</color> 增加了城市的财富生产。"
252,TXT_KEY_BUILDING_TRADING_COMPANY,贸易公司,400,经济学( Economics ),,,,,,"<color=204,204,216,255>贸易公司</color>为贸易公司扩展到的每个城市创造收入，并提供两条贸易路线。它为城市带来健康，可以使用<color=102,229,255,255>香料</color>，为城市带来幸福，可以使用<color=102,229,255,255>咖啡</color>，<color=102,229,255,255>糖</color>，<color=102,229,255,255>茶</color>或<color=102,229,255,255>烟草</color>。它增加了城市产生<color=255,255,0,255>大商人</color>的几率。"
253,TXT_KEY_BUILDING_TRADING_COMPANY,贸易公司,400,地理探索( Exploration ),,,,,,"<color=204,204,216,255>贸易公司</color>为贸易公司扩展到的每个城市创造收入，并提供两条贸易路线。它为城市带来健康，可以使用<color=102,229,255,255>香料</color>，为城市带来幸福，可以使用<color=102,229,255,255>咖啡</color>，<color=102,229,255,255>糖</color>，<color=102,229,255,255>茶</color>或<color=102,229,255,255>烟草</color>。它增加了城市产生<color=255,255,0,255>大商人</color>的几率。"
254,TXT_KEY_BUILDING_NATIONAL_MONUMENT,国家纪念碑,400,遗产( Heritage ),,,,,,"<color=204,204,216,255>国家纪念碑</color> 大大提高了其城市产生 <color=102,229,255,255>伟人</color> 的速度，特别是<color=255,255,0,255>大艺术家</color> 。"
255,TXT_KEY_BUILDING_NATIONAL_THEATRE,国家剧院,200,人文科学( Humanities ),,,,,,"<color=204,204,216,255>国家剧院</color> 增加了城市的文化产出，也增加了城市的幸福感。它增加了这个城市产生大艺术家的机会。"
256,TXT_KEY_BUILDING_NATIONAL_GALLERY,国家美术馆,300,公民自由( Civil_liberties ),,,,,,"<color=204,204,216,255>国家美术馆</color> 使城市的文化输出翻倍，增加了产生<color=255,255,0,255>大艺术家</color> 的机会。"
257,TXT_KEY_BUILDING_NATIONAL_COLLEGE,国立大学,400,科学方法( Scientific_method ),,,,,,"<color=204,204,216,255>国立学院</color> 极大地提高了城市的科学产出。它还允许你将三个市民转变为科学家，并增加城市生成<color=255,255,0,255>大科学家</color>的机会。"
258,TXT_KEY_BUILDING_MILITARY_ACADEMY,军事学院,400,社会学( Sociology ),,,,,,"<color=204,204,216,255>军事学院</color>增加一个城市的军事单位产量，授予所有单位</color>领导权</color>晋升，并增加城市产生</color>大政治家</color>的机会。"
259,TXT_KEY_BUILDING_SECRET_SERVICE,特勤局,360,社会契约( Social_contract ),,,,,,"<color=204,204,216,255>特勤局</color> 增加其城市的间谍输出，并为其城市中建立的<color=255,255,0,255>间谍单位</color> 提供经验点。"
260,TXT_KEY_BUILDING_IRONWORKS,大铁厂,700,冶金术( Metallurgy ),,,,,,"<color=204,204,216,255>大铁厂</color>可提升城市生产能力（如果城市拥有煤炭或铁），但也会影响健康度。并可提升城市产生<color=255,255,0,255>大工程师</color>的几率。"
261,TXT_KEY_BUILDING_RED_CROSS,红十字会,500,微生物学( Microbiology ),,,,,,"<color=204,204,216,255>红十字会</color>使所在城市组建的单位获得<color=102,229,255,255>医疗一级</color>晋升，并提升该城市产生<color=255,255,0,255>大科学家</color>的几率。"
262,TXT_KEY_BUILDING_NATIONAL_PARK,国家公园,300,公民权利( Civil_rights ),,,,,,"建成<color=204,204,216,255>国家公园</color>可消除所在城市因人口规模导致的疾病点数。所在城市范围内的每块<color=102,229,255,255>森林保护区</color>可免费供养一位专业人员，并提升<color=255,255,0,255>大科学家</color>的出现几率。"
263,TXT_KEY_BUILDING_CENTRAL_BANK,中央银行,500,宏观经济学( Macroeconomics ),,,,,,"<color=204,204,216,255>中央银行</color>使其城市的财富产出翻了一番，并增加了产生<color=255,255,0,255>大商业家</color>的机会。"
264,TXT_KEY_BUILDING_SPACEPORT,太空港,800,太空飞行( Spaceflight ),,,,,,"<color=204,204,216,255>太空港</color>增加了所有城市的宇宙飞船产量，并增加了生成<color=255,255,0,255>大工程师</color>的机会。"
265,TXT_KEY_BUILDING_GREAT_SPHINX,狮身人面像,150,神话( Mythology ),美学( Aesthetics ),,,,﯆城市在使用粮食生产时继续增长,"<color=204,204,216,255>狮身人面像</color>允许用食物创造奇迹。它增加了这个城市产生一个伟大预言家的几率。"
266,TXT_KEY_BUILDING_PYRAMIDS,金字塔,250,石工术( Masonry ),建筑( Architecture ),,,,﯆创造奇迹时，食物被添加到生产中,"<color=204,204,216,255>金字塔</color>是世界地图的中心，让城市在用食物生产时得以发展。他们还增加了城市生成<color=255,255,0,255>伟大工程师</color>的机会。"
267,TXT_KEY_BUILDING_PYRAMID_OF_THE_SUN,太阳金字塔,300,石工术( Masonry ),地图学( Cartography ),,,,﯆开启黄金时代消耗伟人数-1,太阳金字塔
268,TXT_KEY_BUILDING_ORACLE,神谕宣示所,150,占卜学( Divination ),,,,,,"<color=204,204,216,255>神谕宣示所</color>可使建造者免费获得两项科技，并可提升城市产生<color=255,255,0,255>历史伟人</color>的几率。"
269,TXT_KEY_BUILDING_GREAT_WALL,长城,450,建筑构造学( Construction ),,,儒学 或 道教,儒学 或 道教,"﯆降低敌人在墙内的移动速度
﯆野蛮单位在墙内受到伤害","<color=204,204,216,255>长城</color>的作用范围覆盖文明的整个文化疆界，即包括地图上位于长城以外的国土。长城可使<color=102,229,255,255>蛮族</color>无法进入文明的领地，还能使在文明领地内进行的战斗带来更多的<color=102,229,255,255>大军事家</color>点数。"
270,TXT_KEY_BUILDING_ISHTAR_GATE,伊什塔尔城门,150,建筑构造学( Construction ),哲学( Philosophy ),,,,,"<color=204,204,216,255>伊什塔尔门</color>允许您雇用每种类型的专家。它还增加了生成<color=255,255,0,255>伟大艺术家</color>的机会。"
271,TXT_KEY_BUILDING_TERRACOTTA_ARMY,兵马俑,120,算术( Arithmetics ),封建制度( Feudalism ),,儒学 或 道教,儒学 或 道教,"﯆对野蛮人战斗获得经验不再有上限
﯆对野蛮人战斗获得经验可计入大军事家点数","兵马俑</color>消除了从野蛮人那里获得的经验的限制，允许野蛮人为伟大的出生做出贡献。它还增加了城市在创建军事单位时的产量，并增加了生成<color=255,255,0,255>伟大艺术家</color>的机会。"
272,TXT_KEY_BUILDING_HANGING_GARDENS,空中花园,200,历法( Calendar ),文官制度( Civil_service ),,,,﯆洪水平原不会带来不健康﯅,"<color=204,204,216,255>空中花园</color>消除了所有城市所有洪泛平原的不健康。它增加了城市生成<color=255,255,0,255>伟大工程师</color>的几率。"
273,TXT_KEY_BUILDING_GREAT_COTHON,巨港,250,造船( Shipbuilding ),炼金术( Alchemy ),,,,,"<color=204,204,216,255>巨港</color>增加了奖金生产的每一个水瓷砖工作的城市。它增加了城市产生<color=255,255,0,255>大商人</color>的几率。"
274,TXT_KEY_BUILDING_DUJIANGYAN,都江堰,300,文字( Writing ),园艺( Horticulture ),,,,,"<color=204,204,216,255>都江堰</color>为都江堰市生产的所有河砖添加了额外的食物。这也增加了该市产生一位伟大政治家的几率。"
275,TXT_KEY_BUILDING_APADANA_PALACE,阿帕达纳宫,150,算术( Arithmetics ),政治学( Politics ),,祆教,祆教,,"<color=204,204,216,255>阿帕达纳宫殿</color>在每个城市创建了一个免费的<color=204,204,216,255>纪念碑</color>，并使您的工人更快地进行改进。它还增加了生成<color=255,255,0,255>伟大工程师</color>的机会。"
276,TXT_KEY_BUILDING_COLOSSUS,青铜巨像,250,铁器( Bloomery ),行会( Guilds ),,,,,"<color=204,204,216,255>青铜巨像</color>可使本国海滨城市的水域额外增加一个单位的商业产出。并可提升城市产生<color=255,255,0,255>大商业家</color>的几率。"
277,TXT_KEY_BUILDING_STATUE_OF_ZEUS,宙斯神像,200,水泥( Cement ),防御工事( Fortification ),,,,,"<color=204,204,216,255>宙斯神像</color>增加敌国家民众的厌战情绪。并提升<color=255,255,0,255>大艺术家</color>的出现几率。"
278,TXT_KEY_BUILDING_GREAT_MAUSOLEUM,毛索洛斯王陵墓,450,水泥( Cement ),艺术赞助( Patronage ),,,祆教,,"<color=204,204,216,255>大陵墓</color>增加您的黄金时期的长度百分之五十。它还增加了其城市产生一个伟大的艺术家</color>的几率。"
279,TXT_KEY_BUILDING_PARTHENON,帕特农神庙,350,数学( Mathematics ),火药( Gunpowder ),,,,,"<color=204,204,216,255>帕特农神殿</color>可提升你的文明产生<color=102,229,255,255>历史伟人</color>的几率，特别是<color=255,255,0,255>大艺术家</color>。并可大量增加文化产出。"
280,TXT_KEY_BUILDING_TEMPLE_OF_ARTEMIS,阿耳特弥斯神庙,350,祭司制度( Priesthood ),神学( Theology ),,,,,"<color=204,204,216,255>阿尔忒弥斯神庙</color>提升城市商路的收益，并为所在城市免费提供一位<color=102,229,255,255>神学家</color>。"
281,TXT_KEY_BUILDING_GREAT_LIGHTHOUSE,大灯塔,200,导航学( Navigation ),罗盘( Compass ),,,,,"<color=204,204,216,255>大灯塔</color>可使所有海滨城市额外增加两条商路。<color=204,204,216,255>大灯塔</color>还可提升城市产生<color=255,255,0,255>大商业家</color>的几率。"
282,TXT_KEY_BUILDING_MOAI_STATUES,摩艾石像群,300,导航学( Navigation ),,,,,"﯆+2ﬅ用于水资源改善
<color=255,76,76,255>需要20个城市半径内的水瓷砖</color>","<color=204,204,216,255>摩艾石像群</color>使所在城市的每片水域额外增加1单位产能。并提升<color=255,255,0,255>大预言家</color>的出现几率。"
283,TXT_KEY_BUILDING_FLAVIAN_AMPHITHEATRE,弗拉维竞技场,300,工程学( Engineering ),公司制( Companies ),,,,,"大竞技场<color=204,204,216,255>在建造军事单位时增加了城市的产量，并为在该城市建造的单位提供了经验值。它还增加了城市生成<color=255,255,0,255>伟大工程师</color>的机会。"
284,TXT_KEY_BUILDING_AQUA_APPIA,阿庇乌水渠,300,工程学( Engineering ),作物轮作术( Crop_rotation ),,,,,"<color=204,204,216,255>水阿皮亚水渠</color>改善了城市的健康状况。它增加了城市生成<color=255,255,0,255>伟大工程师</color>的几率。"
285,TXT_KEY_BUILDING_AL_KHAZNEH,佩特拉古城,250,货币制度( Currency ),金融学( Finance ),,,犹太教,﯆需要城市半径内的绿洲,"<color=204,204,216,255>Al-Khazneh</color>在所有城市提供自由贸易路线。它还增加了生成<color=255,255,0,255>大商人</color>的机会。"
286,TXT_KEY_BUILDING_TEMPLE_OF_KUKULKAN,库库尔坎神庙,450,美学( Aesthetics ),地理探索( Exploration ),,,,雨林上的﯆+1ﬄ,"库库坎神庙<color=204,204,216,255>为其所在城市制作的所有雨林瓷砖增加了额外的食物。它还增加了这个城市产生<color=255,255,0,255>伟大先知</color>的几率。"
287,TXT_KEY_BUILDING_MACHU_PICCHU,马丘比丘,400,律法( Law ),地质学( Geology ),,,,为所在城市范围内的每座山峰﯆提供2ﬓ,"<color=204,204,216,255>马丘比丘</color>为所在城市21格范围内的每座<color=102,229,255,255>山峰</color>提供2ﬓ。"
288,TXT_KEY_BUILDING_GREAT_LIBRARY,大图书馆,350,哲学( Philosophy ),造纸术( Paper ),,,,,"<color=204,204,216,255>大图书馆</color>可使所在城市免费供养两位科学家，提升城市的科研能力。并能大大提升城市产生<color=255,255,0,255>大科学家</color>的几率。"
289,TXT_KEY_BUILDING_FLOATING_GARDENS,漂浮花园,450,传统医学( Medicine ),,,,,,沿河地段提供粮食。
290,TXT_KEY_BUILDING_GONDESHAPUR,贡德沙普尔,300,传统医学( Medicine ),教育学( Education ),,祆教,祆教,,"<color=204,204,216,255>冈德沙普</color>为本市所有符合条件的建筑单位提供<color=102,229,255,255>Medic I</color>促销，并为所有<color=102,229,255,255>科学家</color>专家添加额外食物。它还增加了生成<color=255,255,0,255>伟大科学家</color>的机会。"
291,TXT_KEY_BUILDING_JETAVANARAMAYA,祗陀林佛塔,250,美学( Aesthetics ),,,佛教 或 印度教,佛教,,"<color=204,204,216,255>Jetavanaramaya</color>为您的所有<color=102,229,255,255>艺术家</color>专家添加了额外的食物。它还增加了生成<color=255,255,0,255>伟大艺术家</color>的机会。"
292,TXT_KEY_BUILDING_NALANDA,那烂陀大学,350,哲学( Philosophy ),艺术赞助( Patronage ),,印度教,佛教,,"<color=204,204,216,255>纳兰达大学</color>为你所在国宗教的所有建筑增加了额外的科学知识。它也增加了这个城市产生一个伟大科学家的机会。"
293,TXT_KEY_BUILDING_THEODOSIAN_WALLS,狄奥多西城墙,500,建筑( Architecture ),,,东正教,东正教,,"西奥多城墙<color=204,204,216,255>增加了一个城市对火药前部队的防御。这也增加了他们的城市产生一个<color=255,255,0,255>伟大工程师</color>的机会。"
294,TXT_KEY_BUILDING_HAGIA_SOPHIA,圣索菲亚,500,建筑( Architecture ),工会( Labour_unions ),,东正教,东正教,,"<color=204,204,216,255>圣索菲亚</color>可使你的工人效率更高，并可提升城市产生<color=255,255,0,255>大工程师</color>的几率。"
295,TXT_KEY_BUILDING_BOROBUDUR,婆罗浮屠,400,手工业( Artisanry ),社会学( Sociology ),,佛教 或 印度教,佛教,﯆城市半径范围内需要丛林或雨林,"<color=204,204,216,255>Borobudur</color>允许您雇佣三名<color=102,229,255,255>牧师</color>专家，并为您的所有<color=102,229,255,255>牧师</color>专家添加额外产品。它也增加了它的城市产生一个伟大预言家的几率。"
296,TXT_KEY_BUILDING_LA_MEZQUITA,科尔多瓦清真寺,250,奖学金制度( Scholarship ),科学方法( Scientific_method ),,伊斯兰教,伊斯兰教,,"<color=204,204,216,255>拉梅兹基塔</color>提供2名免费专家。它还增加了生成<color=255,255,0,255>伟大科学家</color>的机会。"
297,TXT_KEY_BUILDING_SHWEDAGON_PAYA,瑞光大金塔,200,伦理学( Ethics ),,,佛教 或 印度教,佛教,﯆国家﯉建筑的双倍ﬅ,"<color=204,204,216,255>瑞光大金塔</color>可对所在文明启用所有<color=102,229,255,255>宗教信仰</color>类内政法令，还可提升<color=255,255,0,255>大预言家</color>的出现几率。"
298,TXT_KEY_BUILDING_MOUNT_ATHOS,阿索斯山,300,伦理学( Ethics ),学术精神( Academia ),,东正教,东正教,﯆建筑物里有两个﯎,"<color=204,204,216,255>阿索斯山</color>使所有建筑的伟大人物点数加倍。它还增加了城市生成<color=255,255,0,255>伟大先知</color>的机会。"
299,TXT_KEY_BUILDING_IRON_PILLAR,德里铁柱,400,炼钢( Steel ),,,印度教,印度教,,"<color=204,204,216,255>铁柱</color>在每个城市创建一个免费的<color=204,204,216,255>锻造</color>。它还增加了生成<color=255,255,0,255>伟大工程师</color>的机会。"
300,TXT_KEY_BUILDING_PRAMBANAN,巴兰班南,400,政治学( Politics ),治国术( Statecraft ),,佛教 或 印度教,印度教,﯆所有城市在增长后都会额外存储25%的ﬄ,"<color=204,204,216,255>Prambanan</color>让您的所有城市在增长后存储额外的食物。它还增加了城市生成<color=255,255,0,255>伟大先知</color>的机会。"
301,TXT_KEY_BUILDING_SALSAL_BUDDHA,巴米扬大佛,250,手工业( Artisanry ),测量学( Measurement ),,佛教,佛教,﯆即使在战争期间，贸易路线仍然保持联系,"萨尔萨佛允许在战争期间连接贸易路线。它还增加了城市生成<color=255,255,0,255>伟大先知</color>的机会。"
302,TXT_KEY_BUILDING_CHEOMSEONGDAE,瞻星台,200,奖学金制度( Scholarship ),物理学( Physics ),,佛教,儒学,,"<color=204,204,216,255>Cheomseongdae</color>使用科学滑块增加城市的幸福输出。它还增加了生成<color=255,255,0,255>伟大科学家</color>的机会。"
303,TXT_KEY_BUILDING_HIMEJI_CASTLE,姬路城,550,封建制度( Feudalism ),机床( Machine_tools ),,佛教,佛教,"﯆新建的肉搏单位以及投射单位自带城防一级和操练一级
﯆所有掠夺所获的ﬓ增加一倍","<color=204,204,216,255>姬梅吉城堡</color>使城市防御增加所有城市的文化输出，并使其所有完全设防的单位每级提供+1文化。它还增加了生成<color=255,255,0,255>大政治家</color>的机会。"
304,TXT_KEY_BUILDING_GRAND_CANAL,大运河,350,机械( Machinery ),水利工程( Hydraulics ),,儒学 或 道教,儒学 或 道教,,沿河地段的商业产值增加。
305,TXT_KEY_BUILDING_WAT_PREAH_PISNULOK,吴哥窟,400,文官制度( Civil_service ),城市规划( Urban_planning ),,印度教 或 佛教,印度教,,"<color=204,204,216,255>Wat Preah Pisnulok</color>在所有城市增加了一个额外的人口点，并为您的所有<color=102,229,255,255>牧师</color>专家添加了额外的食物。它增加了它的城市产生一个伟大预言家的几率。"
306,TXT_KEY_BUILDING_KHAJURAHO,克久拉霍,500,文官制度( Civil_service ),公民自由( Civil_liberties ),,印度教 或 佛教,印度教,,"<color=204,204,216,255>卡朱拉霍</color>为你所在国宗教的所有建筑添加额外的食物。它也增加了这个城市产生一个伟大预言家的机会。"
307,TXT_KEY_BUILDING_SPIRAL_MINARET,螺旋尖塔,500,神学( Theology ),经济学( Economics ),,伊斯兰教,伊斯兰教,,"如果你设定了国教，<color=204,204,216,255>螺旋尖塔</color>还可使所有宗教建筑产生金钱收入。并能提升城市产生<color=255,255,0,255>历史伟人</color>的几率。"
308,TXT_KEY_BUILDING_DOME_OF_THE_ROCK,圆顶清真寺,150,神学( Theology ),,,,伊斯兰教,﯆将所有神龛的收入限制提高一倍,"岩石的<color=204,204,216,255>圆顶</color>提供一名免费的<color=102,229,255,255>牧师</color>专家，并将神龛黄金限制从20倍增加到40倍。它增加了城市生成<color=255,255,0,255>伟大先知</color>的机会。"
309,TXT_KEY_BUILDING_HOUSE_OF_WISDOM,智慧宫,350,炼金术( Alchemy ),光学( Optics ),,伊斯兰教,伊斯兰教,﯆+200% ﬔ来自伟大人物的发现,"<color=204,204,216,255>智慧之家</color>增加了伟人发现的研究推动。它还增加了生成<color=255,255,0,255>伟大科学家</color>的机会。"
310,TXT_KEY_BUILDING_KRAK_DES_CHEVALIERS,骑士堡,400,防御工事( Fortification ),联合兵种( Combined_arms ),,天主教,伊斯兰教,被击败的城市防御者撤退到你的首都,"<color=204,204,216,255>骑士堡</color>在每个城市创建一个免费的<color=204,204,216,255>城堡</color>，并将被击败的城市防御者转移到你的首都。它还增加了生成<color=255,255,0,255>伟大工程师</color>的机会。"
311,TXT_KEY_BUILDING_MONOLITHIC_CHURCH,拉利贝拉岩石教堂,400,行会( Guilds ),地质学( Geology ),,东正教,东正教,,"<color=204,204,216,255>整体式教堂</color>为您所有的<color=102,229,255,255>牧师</color>专家增加了额外的商业。它还增加了生成<color=255,255,0,255>伟大先知</color>的机会。"
312,TXT_KEY_BUILDING_UNIVERSITY_OF_SANKORE,桑科雷大学,500,教育学( Education ),制冷( Refrigeration ),,伊斯兰教,伊斯兰教,沙漠上的﯆+1ﬆ,"如果你确立了官方信仰，<color=204,204,216,255>桑科雷大学</color>可使本文明所有宗教建筑提供额外科研点数。"
313,TXT_KEY_BUILDING_NOTRE_DAME,圣母院,550,公社( Commune ),,,天主教,天主教,﯆建造大教堂只需要三座寺庙,"<color=204,204,216,255>圣母院</color>提升同一大陆所有城市的快乐度。并可提升城市产生<color=255,255,0,255>大艺术家</color>的几率。"
314,TXT_KEY_BUILDING_OLD_SYNAGOGUE,旧犹太会堂,400,公社( Commune ),社会服务( Social_services ),,,犹太教,犹太宗教建筑中的﯆+2ﬓ,"<color=204,204,216,255>旧犹太教堂</color>为你城市中的所有犹太建筑增加了额外的黄金。它还增加了城市生成<color=255,255,0,255>大商人</color>的机会。"
315,TXT_KEY_BUILDING_SAINT_SOPHIA,基辅圣索菲亚大教堂,550,宗教教条( Doctrine ),社会契约( Social_contract ),,东正教,东正教,42,"<color=204,204,216,255>圣索菲亚大教堂</color>为您所有的<color=102,229,255,255>商人</color>专家添加额外的食物。它还增加了生成<color=255,255,0,255>伟大政治家</color>的机会。"
316,TXT_KEY_BUILDING_SILVER_TREE_FOUNTAIN,银树喷泉,300,造纸术( Paper ),地理学( Geography ),,,,当一个大将军出现时，获得额外的伟人,"<color=204,204,216,255>银树喷泉</color>在<color=255,255,0,255>大将军</color>诞生时创造了一个额外的伟人。它还增加了生成<color=255,255,0,255>大政治家</color>的机会。"
317,TXT_KEY_BUILDING_SANTA_MARIA_DEL_FIORE,花之圣母大教堂,400,艺术赞助( Patronage ),民意代表( Representation ),,天主教,天主教,,"<color=204,204,216,255>花之圣母大教堂</color>提高了其城市伟人积分的比率。它也增加了这个城市产生一个伟大的艺术家的机会。"
318,TXT_KEY_BUILDING_ALAMUT,阿拉穆特要塞,400,罗盘( Compass ),联合兵种( Combined_arms ),,伊斯兰教,伊斯兰教,,"<color=204,204,216,255>阿拉穆特要塞</color>为<color=255,255,0,255>间谍单元</color>提供大量经验。它还增加了生成<color=255,255,0,255>伟大政治家</color>的机会。"
319,TXT_KEY_BUILDING_SAN_MARCO_BASILICA,圣马可大教堂,400,金融学( Finance ),测量学( Measurement ),,天主教,天主教,,"圣马可大教堂为您的所有专家添加了额外的黄金。它还增加了城市产生一个<color=255,255,0,255>大商人</color>的几率。"
320,TXT_KEY_BUILDING_SISTINE_CHAPEL,西斯廷教堂,600,人文科学( Humanities ),,,天主教,天主教,,"<color=204,204,216,255>西斯庭教堂</color>使城市中的每位专业人员都能提供文化产出，并增加宗教建筑的文化产出。<color=204,204,216,255>西斯庭教堂</color>具有极高的文化值，还可提升城市产生<color=255,255,0,255>大艺术家</color>的几率。"
321,TXT_KEY_BUILDING_PORCELAIN_TOWER,大报恩寺,550,印刷术( Printing ),铁路( Railroad ),,儒学 或 道教,儒学 或 道教,﯆交易无需开放边界,"<color=204,204,216,255>大报恩寺</color>取消了贸易路线的开放边界要求。它还增加了生成<color=255,255,0,255>大商人</color>的机会。"
322,TXT_KEY_BUILDING_TOPKAPI_PALACE,托普卡帕宫,450,司法( Judiciary ),民族主义( Nationalism ),,伊斯兰教,东正教,﯆每回合可以强制征召一个额外的单位。,"托普卡皮宫殿<color=204,204,216,255>在被征服的城市中额外提供初始制作。这也增加了他们城市产生一个伟大政治家的机会。"
323,TXT_KEY_BUILDING_KREMLIN,克里姆林宫,600,火药( Gunpowder ),,,东正教,东正教,﯆+1﯈对于平民单位,"<color=204,204,216,255>克里姆林宫</color>可减少加速生产的花费并可提升城市产生<color=255,255,0,255>大间谍</color>的几率。"
324,TXT_KEY_BUILDING_SAINT_THOMAS_CHURCH,圣托马斯教堂,400,人文科学( Humanities ),,,新教,新教,,圣托马斯教堂</color>增加你所有城市的幸福感。它增加了这个城市创造出一个伟大的艺术家的机会。
325,TXT_KEY_BUILDING_VIJAYA_STAMBHA,印度维贾亚纪念碑,500,公司制( Companies ),可更换部件( Replaceable_parts ),,印度教,印度教,,"<color=204,204,216,255>印度维贾亚纪念碑</color>为本市所有符合条件的建筑单位提供<color=102,229,255,255>城市卫戍I</color>升级，并增加<color=255,255,0,255>大将</color>出现。它还增加了生成<color=255,255,0,255>伟大工程师</color>的机会。"
326,TXT_KEY_BUILDING_GUR_E_AMIR,古尔艾米尔陵,300,地图学( Cartography ),社会学( Sociology ),,伊斯兰教,伊斯兰教,﯆城市获得额外的ﬕ等同于从被俘城市掠夺的ﬓ,"当征服城市时，<color=204,204,216,255>古尔埃米尔</color>为城市提供了文化。它也增加了这个城市产生一个伟大的艺术家的机会。"
327,TXT_KEY_BUILDING_RED_FORT,阿格拉红堡,600,物流( Logistics ),,,伊斯兰教,伊斯兰教,,"红垒<color=204,204,216,255>增加了那些与建筑商交战的城市的厌战情绪。它还增加了生成<color=255,255,0,255>伟大工程师</color>的机会。"
328,TXT_KEY_BUILDING_TAJ_MAHAL,泰姬陵,700,城市规划( Urban_planning ),,,伊斯兰教,伊斯兰教,,"建成<color=204,204,216,255>泰姬陵</color>可立即触发本文明的<color=102,229,255,255>黄金时代</color>。并提升城市产生<color=255,255,0,255>大艺术家</color>的几率。"
329,TXT_KEY_BUILDING_FORBIDDEN_PALACE,紫禁城,800,治国术( Statecraft ),,,儒学 或 道教,儒学 或 道教,﯆城市维护费减少33%,"<color=204,204,216,255>故宫</color>降低了城市维护成本。它还增加了生成<color=255,255,0,255>伟大政治家</color>的机会。"
330,TXT_KEY_BUILDING_VERSAILLES,凡尔赛宫,600,遗产( Heritage ),,,天主教,天主教,,"<color=204,204,216,255>凡尔赛宫</color>能减少附近城市的维护费，相当于第二座<color=204,204,216,255>紫禁城</color>。并能提升产生<color=255,255,0,255>大艺术家</color>的几率。"
331,TXT_KEY_BUILDING_BLUE_MOSQUE,蓝色清真寺,600,学术精神( Academia ),消费主义( Consumerism ),,伊斯兰教,东正教,﯆临时效果中最多1个﯃,"蓝色清真寺<color=204,204,216,255>限制了临时效果带来的不快。它也增加了这个城市产生一个伟大的艺术家的机会。"
332,TXT_KEY_BUILDING_ESCORIAL,埃斯科里亚尔宫,700,地理探索( Exploration ),蒸汽机( Thermodynamics ),,天主教,天主教,﯆获得每个殖民地的ﬓ,"<color=204,204,216,255>El Escorial</color>为每个获得的殖民地提供黄金。它还增加了这个城市产生一位伟大政治家的机会。"
333,TXT_KEY_BUILDING_TORRE_DE_BELEM,贝伦塔,400,光学( Optics ),内燃机( Engine ),,天主教,天主教,,"<color=204,204,216,255>Torre de Belem</color>增加了该市的外贸路线收入。它增加了城市生成<color=255,255,0,255>大商人</color>的机会。"
334,TXT_KEY_BUILDING_POTALA_PALACE,布达拉宫,500,治国术( Statecraft ),电学( Electricity ),,佛教,佛教,﯆+1﯎在城市半径内的每座山,"<color=204,204,216,255>布达拉宫</color>为城市半径内的每一个丘陵地块提供一个伟人点数。它还增加了生成<color=255,255,0,255>大先知</color>的机会。"
335,TXT_KEY_BUILDING_OXFORD_UNIVERSITY,牛津大学,600,学术精神( Academia ),心理学( Psychology ),,新教,新教,,"<color=204,204,216,255>牛津大学</color>可大大提升所在城市的科研能力。并允许你供养三位科学家，还可提升城市产生<color=255,255,0,255>大科学家</color>的几率。"
336,TXT_KEY_BUILDING_HARMANDIR_SAHIB,哈曼迪尔寺,800,联合兵种( Combined_arms ),,,印度教 或 伊斯兰教,印度教,﯆所有在有国教城市建设的单位获得+2经验,"<color=204,204,216,255>哈曼迪尔萨希布</color>为你所在的国家宗教城市的军队提供经验值。它还增加了生成<color=255,255,0,255>伟大先知</color>的机会。"
337,TXT_KEY_BUILDING_ST_BASILS_CATHEDRAL,圣巴兹尔大教堂,700,城市规划( Urban_planning ),,,东正教,东正教,,"<color=204,204,216,255>圣巴兹尔大教堂</color>增加了所有国家宗教建筑的产量，增加了该市产生<color=255,255,0,255>伟大政治家</color>的机会。"
338,TXT_KEY_BUILDING_BOURSE,交易所,400,经济学( Economics ),,,新教,新教,,"<color=204,204,216,255>交易所</color>为该市提供两名免费<color=102,229,255,255>商人</color>专家。它还增加了城市生成<color=255,255,0,255>大商人</color>的机会。"
339,TXT_KEY_BUILDING_ITSUKUSHIMA_SHRINE,严岛神社,600,物流( Logistics ),数码产品( Electronics ),,佛教,佛教,﯆+1﯎在城市半径内的每个水牌,"<color=204,204,216,255>Itsukushima神龛</color>为城市半径内的每一块水砖提供了一个绝佳的人民点。它还增加了生成<color=255,255,0,255>伟大先知</color>的机会。"
340,TXT_KEY_BUILDING_IMAGE_OF_THE_WORLD_SQUARE,伊玛目广场,600,地理学( Geography ),全球化思潮( Globalism ),,伊斯兰教,伊斯兰教,﯆+每个文化级别1条贸易路线,"世界广场的<color=204,204,216,255>图像</color>为其所在城市的每个文化级别提供一条贸易路线。它还增加了生成<color=255,255,0,255>伟大艺术家</color>的机会。"
341,TXT_KEY_BUILDING_LOUVRE,卢浮宫,800,公民自由( Civil_liberties ),,,,,﯆+2ﬕ每个受控的大奇迹,"卢浮宫<color=204,204,216,255>为其城市提供了两位免费的<color=102,229,255,255>艺术家</color>专家，并为每一个受控制的伟大奇迹提供文化。它也增加了这个城市产生一个伟大的艺术家的机会。"
342,TXT_KEY_BUILDING_EMERALD_BUDDHA,玉佛寺,800,公民自由( Civil_liberties ),无线电( Radio ),,佛教,佛教,,"翡翠佛寺<color=204,204,216,255>消除了它所在城市的所有不快。它增加了城市生成<color=255,255,0,255>伟大先知</color>的机会。"
343,TXT_KEY_BUILDING_SHALIMAR_GARDENS,沙利玛花园,600,园艺( Horticulture ),社会服务( Social_services ),,伊斯兰教,伊斯兰教,﯆过量﯄视为﯂,"沙利马尔花园<color=204,204,216,255>为城市的富余健康提供快乐。它还增加了这个城市创造出大艺术家的可能性。"
344,TXT_KEY_BUILDING_TRAFALGAR_SQUARE,特拉法加广场,400,测量学( Measurement ),,,,,﯆需要一个三级及以上晋升的海军单位,海军建造速度加快，所在城市建造的海军单位获得额外的经验值。
345,TXT_KEY_BUILDING_HERMITAGE,冬宫,600,社会学( Sociology ),,,,,﯆技术成本-减少25% ﬔ贸易和间谍活动,"<color=204,204,216,255>冬宫</color>可使城市的文化产出加倍，并提升其产生<color=255,255,0,255>大艺术家</color>的几率。"
346,TXT_KEY_BUILDING_GUADALUPE_BASILICA,瓜达卢佩大教堂,600,社会学( Sociology ),,,天主教,天主教,"﯆不能建在同一个大陆上的天主教圣地
﯆+1ﬓ每个天主教城市在同一个大陆上","<color=204,204,216,255>瓜达卢佩大教堂</color>为该城市大陆上每一个信奉</color>天主教</color>的城市每转产生一枚金币。它还增加了生成<color=255,255,0,255>伟大先知</color>的机会。"
347,TXT_KEY_BUILDING_SALT_CATHEDRAL,盐城大教堂,700,地质学( Geology ),旅游业( Tourism ),,天主教,天主教,,"<color=204,204,216,255>盐大教堂</color>增加了所有国家宗教建筑的商业性，并增加了其城市产生<color=255,255,0,255>大商人</color>的机会。"
348,TXT_KEY_BUILDING_AMBER_ROOM,琥珀宫,700,地质学( Geology ),军力投送( Power_projection ),,新教 或 东正教,新教 或 东正教,"﯆其他文明更愿意加入防御条约
﯆分享防御条约伙伴的黄金时代","<color=204,204,216,255>琥珀屋</color>增加了其他文明加入防御契约的意愿，并与防御契约伙伴共享黄金时代。它还增加了生成<color=255,255,0,255>伟大艺术家</color>的机会。"
349,TXT_KEY_BUILDING_STATUE_OF_LIBERTY,自由女神像,1500,民意代表( Representation ),,民主制度,,,,"<color=204,204,216,255>自由女神像</color>可使所有城市免费获得一位专业人员。并可提升城市产生<color=255,255,0,255>大工程师</color>的几率。"
350,TXT_KEY_BUILDING_BRANDENBURG_GATE,勃兰登堡门,600,民族主义( Nationalism ),,,,,当你的一个将军在战斗中牺牲时，伟大的将军门槛将被重置,"当<color=255,255,0,255>大将军</color>死亡时，<color=204,204,216,255>勃兰登堡门</color>重置<color=255,255,0,255>大将军</color>阈值。这也增加了该市产生一位伟大政治家的几率。"
351,TXT_KEY_BUILDING_ABBEY_MILLS,阿贝米尔斯排水站,700,蒸汽机( Thermodynamics ),,,,,,"<color=204,204,216,255>修道院磨坊</color>在每个城市创建一个免费的<color=204,204,216,255>下水道</color>。它还增加了生成<color=255,255,0,255>伟大工程师</color>的机会。"
352,TXT_KEY_BUILDING_BELL_ROCK_LIGHTHOUSE,贝尔礁灯塔,1000,冶金术( Metallurgy ),,,,,,"<color=204,204,216,255>贝尔洛克灯塔</color>在所有沿海城市提供自由贸易路线。它还增加了生成<color=255,255,0,255>大商人</color>的机会。"
353,TXT_KEY_BUILDING_CHAPULTEPEC_CASTLE,查普尔特佩克城堡,800,民族主义( Nationalism ),,,,,﯆+每个文化级别1个单位经验,"<color=204,204,216,255>查普尔特佩克城堡</color>为在其城市中建造的单位提供每种文化级别1次经验。它还增加了生成<color=255,255,0,255>伟大政治家</color>的机会。"
354,TXT_KEY_BUILDING_EIFFEL_TOWER,埃菲尔铁塔,1250,铁路( Railroad ),,,,,﯆黄金时代最多消耗三个伟人,"<color=204,204,216,255>埃菲尔铁塔</color>可使所有城市免费获得<color=204,204,216,255>广播塔</color>。并使城市更有可能产生<color=255,255,0,255>大商业家</color>。"
355,TXT_KEY_BUILDING_WESTMINSTER_PALACE,威斯敏斯特宫,1000,新闻业( Journalism ),,,,,,"<color=204,204,216,255>威斯敏斯特宫</color>在每个城市创建一个免费的<color=204,204,216,255>法院</color>。它还增加了生成<color=255,255,0,255>伟大政治家</color>的机会。"
356,TXT_KEY_BUILDING_TRIUMPHAL_ARCH,凯旋门,1000,弹道学( Ballistics ),雷达技术( Radar ),宪法政治,,,﯆+单位提升时50%治疗,[COLOR U BUILDING U TEXT]凯旋门[COLOR U REVERT]在你的单位提升时完全治愈它们。它还增加了这个城市产生一位伟大政治家的机会。
357,TXT_KEY_BUILDING_MENLO_PARK,门洛公园,800,电学( Electricity ),,,,,,"<color=204,204,216,255>门罗公园</color>增加有电力供应的城市的商业产出。它还增加了生成<color=255,255,0,255>伟大科学家</color>的机会。"
358,TXT_KEY_BUILDING_CRYSTAL_PALACE,水晶宫,800,内燃机( Engine ),,,,,,"<color=204,204,216,255>水晶宫[COLOR戋REVERT]为该市提供两名免费的[COLOR戋u HIGHLIGHT戋TEXT]工程师[COLOR戋REVERT]专家。它还增加了城市生成<color=255,255,0,255>大商人</color>的机会。"
359,TXT_KEY_BUILDING_TSUKIJI,筑地鱼市场,1000,制冷( Refrigeration ),,,,,,"筑地鱼市<color=204,204,216,255>为该市的所有水砖添加了额外的食物。它还增加了城市产生一个<color=255,255,0,255>大商人</color>的几率。"
360,TXT_KEY_BUILDING_BROOKLYN_BRIDGE,布鲁克林大桥,1500,工会( Labour_unions ),,,,,,"布鲁克林大桥</color>在每个城市都创建了一个免费的<color=204,204,216,255>堤坝</color>。它还增加了生成<color=255,255,0,255>伟大工程师</color>的机会。"
361,TXT_KEY_BUILDING_HOLLYWOOD,好莱坞,1000,电影( Film ),,,,,,"<color=204,204,216,255>好莱坞</color>可为你的文明提供<color=102,229,255,255>卖座电影</color>资源（增加快乐度）。并使城市更有可能产生<color=255,255,0,255>大艺术家</color>。"
362,TXT_KEY_BUILDING_EMPIRE_STATE_BUILDING,帝国大厦,1500,消费主义( Consumerism ),,,,,﯆提供等同于城市人口的ﬓ奖金,"帝国大厦<color=204,204,216,255>提供了相当于其所在城市人口的黄金奖励。它还增加了城市生成<color=255,255,0,255>伟大工程师</color>的几率"
363,TXT_KEY_BUILDING_LAS_LAJAS_SANCTUARY,拉哈斯大教堂,1000,微生物学( Microbiology ),,,天主教,天主教,﯆+所有城市10%单位治愈率,"<color=204,204,216,255>拉斯拉哈斯圣殿</color>增加所有城市的单位治疗效果。它还增加了城市生成<color=255,255,0,255>伟大先知</color>的机会。"
364,TXT_KEY_BUILDING_PALACE_OF_NATIONS,万国宫,800,公民权利( Civil_rights ),,,,,"﯆大会每四个回合举行一次
﯆你的城市不能在国会被要求
﯆其他文明更愿意在国会批准你的要求","<color=204,204,216,255>国家宫殿</color>保护你的城市不被国会要求，其他文明更愿意在国会批准你的要求。它使国会每四个回合举行一次。它还增加了生成<color=255,255,0,255>伟大政治家</color>的机会。"
365,TXT_KEY_BUILDING_MOLE_ANTONELLIANA,安托内利尖塔,1200,生产流水线( Assembly_line ),,,,天主教,﯆+2ﬅ在城市半径内的每个峰值,"<color=204,204,216,255>安托内利尖塔</color>为城市半径内的每个<color=102,229,255,255>峰值</color>提供2个产品。它还增加了生成<color=255,255,0,255>伟大工程师</color>的机会。"
366,TXT_KEY_BUILDING_NEUSCHWANSTEIN,新天鹅堡,1200,新闻业( Journalism ),,,,,﯆安置伟人恢复25%﯎,"<color=204,204,216,255>新天鹅堡</color>在安置伟人时恢复伟人积分。它也增加了这个城市产生一个伟大的艺术家的机会。"
367,TXT_KEY_BUILDING_FRONTENAC,芳堤娜城堡,1000,石油精炼( Refining ),,,,,﯆+50%铁路建设速度,"<color=204,204,216,255>弗龙泰纳庄园</color>在每个城市创建一个免费的<color=204,204,216,255>火车站</color>，并提高铁路的建设速度。它还增加了生成<color=255,255,0,255>伟大艺术家</color>的机会。"
368,TXT_KEY_BUILDING_WEMBLEY,温布利球场,1000,无线电( Radio ),,,,,,"<color=204,204,216,255>温布利</color>提供文化提升，并为您的文明提供七个<color=102,229,255,255>热门足球赛事</color>资源（提供快乐）。它增加了它的城市将产生一个<color=255,255,0,255>伟大的艺术家</color>的几率。"
369,TXT_KEY_BUILDING_LUBYANKA,卢比扬卡,1000,心理学( Psychology ),,,,,,"<color=204,204,216,255>鲁比扬卡</color>为你的所有专家增加了额外的间谍活动。这也增加了该市产生一位伟大政治家的几率。"
370,TXT_KEY_BUILDING_CRISTO_REDENTOR,耶稣巨像,1000,社会服务( Social_services ),,,天主教 或 新教,天主教 或 新教,,"建成<color=204,204,216,255>耶稣巨像</color>允许每回合改变一次<color=102,229,255,255>官方信仰</color>或<color=102,229,255,255>内政法令</color>，并不会导致无政府状态，还可提升<color=255,255,0,255>大工程师</color>的出现几率。"
371,TXT_KEY_BUILDING_METROPOLITAIN,大都会地铁,1200,气体力学( Pneumatics ),,,,,﯆+1 ﬆ在城市建筑上每+2ﬕ,"<color=204,204,216,255>大都市</color>增加了城市中每栋建筑的商业产出。它还增加了生成<color=255,255,0,255>伟大工程师</color>的机会。"
372,TXT_KEY_BUILDING_NOBEL_PRIZE,诺贝尔奖,800,石油精炼( Refining ),,,,,﯆为每一个出生在快乐或友好文明中的伟人提供额外的﯎,"当一个伟大的人出生在一个有着愉快或友好关系的文明中时，诺贝尔奖<color=204,204,216,255>为伟大的人提供了分数。它还增加了这个城市产生一位伟大政治家的机会。"
373,TXT_KEY_BUILDING_GOLDEN_GATE_BRIDGE,金门大桥,2000,基础设施( Infrastructure ),,,,,,"<color=204,204,216,255>金门大桥</color>为您的所有<color=102,229,255,255>科学家</color>和<color=102,229,255,255>工程师</color>专家增加了额外的商业。它还增加了生成<color=255,255,0,255>伟大工程师</color>的机会。"
374,TXT_KEY_BUILDING_BLETCHLEY_PARK,布莱切利园,700,无线电( Radio ),,,,,"﯆+50%几率避免间谍侦测
﯆+50%几率侦测敌人间谍","<color=204,204,216,255>布莱奇利公园</color>减少你的间谍被侦测到的变化，增加侦测敌人间谍的机会。它还增加了生成<color=255,255,0,255>伟大科学家</color>的机会。"
375,TXT_KEY_BUILDING_SAGRADA_FAMILIA,圣家族大教堂,2000,宏观经济学( Macroeconomics ),,,,,﯆+25%ﬅ转换为 ﬆ,"<color=204,204,216,255>圣家族大教堂</color>为您的所有<color=102,229,255,255>艺术家</color>专家添加额外的产品，并提高建筑商业的效率。它还增加了生成<color=255,255,0,255>伟大艺术家</color>的机会。"
376,TXT_KEY_BUILDING_CERN_RESEARCH_COMPLEX,欧洲核子研究中心,1000,核裂变( Fission ),,,,,,"欧洲核子研究中心的<color=204,204,216,255>研究中心</color>在每个城市创建了一个免费的<color=204,204,216,255>实验室</color>。它还增加了生成<color=255,255,0,255>伟大科学家</color>的机会。"
377,TXT_KEY_BUILDING_ITAIPU_DAM,伊泰普大坝,1750,数码产品( Electronics ),,,,,,"<color=204,204,216,255>三峡大坝</color>为同一大陆上的所有城市提供清洁能源。它增加了它的城市将产生一个<color=255,255,0,255>伟大的工程师</color>的几率。"
378,TXT_KEY_BUILDING_GRACELAND,恩赐之地,1000,电视机( Television ),,,,,,"<color=204,204,216,255>格雷斯兰</color>提供文化提升，并为您的文明提供七个<color=102,229,255,255>热门单曲</color>资源（它们提供快乐）。它增加了这个城市创造出一个伟大的艺术家的可能性。"
379,TXT_KEY_BUILDING_CN_TOWER,加拿大国家电视塔,1600,电视机( Television ),,,,,,"<color=204,204,216,255>中央广播塔</color>在每个城市创建一个免费的<color=204,204,216,255>广播塔</color>。它还增加了生成<color=255,255,0,255>伟大工程师</color>的机会。"
380,TXT_KEY_BUILDING_PENTAGON,五角大楼,1250,军力投送( Power_projection ),,,,,,"一旦建成<color=204,204,216,255>五角大楼</color>，你所有新组建的单位将获得两个初始经验点。并使城市更有可能产生<color=255,255,0,255>大间谍</color>。"
381,TXT_KEY_BUILDING_UNITED_NATIONS,联合国,1000,全球化思潮( Globalism ),,,,,,"<color=204,204,216,255>联合国</color>用于进行触发<color=102,229,255,255>外交胜利</color>的选举。可确保你作为此项选举的候选者之一，并提升城市产生<color=255,255,0,255>大商业家</color>的几率。"
382,TXT_KEY_BUILDING_CRYSTAL_CATHEDRAL,水晶大教堂,1000,电视机( Television ),,,新教,新教,,"<color=204,204,216,255>水晶大教堂</color>通过使用金色滑块增加城市的幸福输出，并为所有<color=102,229,255,255>牧师</color>专家添加额外的商业。它还增加了生成<color=255,255,0,255>伟大先知</color>的机会。"
383,TXT_KEY_BUILDING_MOTHERLAND_CALLS,祖国母亲在呼唤,1500,军力投送( Power_projection ),,中央计划,,,﯆当3级或更高级别的单位丢失时，另一个单位被起草,当3级或更高级别的单位损失时，祖国调用</color>绘制一个单位。它也增加了这个城市产生大艺术家的机会。
384,TXT_KEY_BUILDING_BERLAYMONT,欧盟总部大厦,1000,全球化思潮( Globalism ),,多边主义,,,"﯆+2个可能的防御协议
﯆+每个防御协议1个免费专家","<color=204,204,216,255>Berlaymont</color>增加你可以签署的防御协议的限制，并为每个签署的防御协议提供1名免费专家。它还增加了生成<color=255,255,0,255>伟大政治家</color>的机会。"
385,TXT_KEY_BUILDING_WORLD_TRADE_CENTER,世界贸易中心,2500,全球化思潮( Globalism ),,自由市场,,,﯆+50%来自公司的商业,"<color=204,204,216,255>世界贸易中心</color>增加了所有城市企业的贸易。它还增加了城市生成<color=255,255,0,255>大商人</color>的机会。"
386,TXT_KEY_BUILDING_ATOMIUM,原子塔,1500,核能( Nuclear_power ),,,,,﯆+1 ﬔ每个世界制造的核武器,"<color=204,204,216,255>原子</color>增加了其城市每一核武器在世界上的科学产出。它还增加了生成<color=255,255,0,255>伟大科学家</color>的机会。"
387,TXT_KEY_BUILDING_IRON_DOME,铁穹防御系统,2000,激光( Laser ),,,,,﯆在自己的地盘内有50%的截获机会,[COLOR U BUILDING U TEXT]铁穹顶[COLOR U REVERT]增加在你自己领地的拦截几率。它还增加了这个城市产生一个伟大科学家的机会。
388,TXT_KEY_BUILDING_HARBOUR_OPERA,悉尼歌剧院,1400,旅游业( Tourism ),,,,,﯆+1ﬄ 每超过两个﯂,"<color=204,204,216,255>悉尼歌剧院</color>为城市的每一个过度幸福提供食物。它还增加了这个城市创造出一个伟大的艺术家的可能性。"
389,TXT_KEY_BUILDING_GREAT_ZIMBABWE,大津巴布韦,450,教育学( Education ),,,,,"﯆所有城市地块: +1ﬄ, +1ﬅ, +1ﬆ","<color=204,204,216,255>伟大的津巴布韦</color>为所有城市瓷砖增加了额外的食品、生产和商业。它也增加了其城市产生一个<color=255,255,0,255>大商人</color>的几率。"
390,TXT_KEY_BUILDING_LOTUS_TEMPLE,莲花寺,1600,旅游业( Tourism ),,,,,"﯆需要至少4个宗教
﯆+1 ﬄ per Non-State ﯉ 在所有城市","<color=204,204,216,255>莲花寺</color>在所有城市为每个非国家宗教提供1种食物。它还增加了城市生成<color=255,255,0,255>伟大先知</color>的机会。"
391,TXT_KEY_BUILDING_GLOBAL_SEED_VAULT,国际种子库,1500,遗传学( Genetics ),,,,,"﯆需要在城市半径范围内的苔原
﯆+1 ﬔ每个农场、稻田、果园和种植园资源","<color=204,204,216,255>全球种子库</color>为每个可用的农场、稻田、果园和种植园资源提供科学依据。它还增加了这个城市产生一个伟大科学家的可能性。"
392,TXT_KEY_BUILDING_GARDENS_BY_THE_BAY,滨海湾花园,2000,生态学( Ecology ),,,,,﯆+2ﬆ 每超出﯄,"海湾</color>的<color=204,204,216,255>花园为其城市的过度健康提供了商业机会。它还增加了这个城市创造出一个伟大的艺术家的可能性。"
393,TXT_KEY_BUILDING_BURJ_KHALIFA,哈利法塔,2500,空气动力学( Aerodynamics ),,,,,"﯆需要城市半径内的沙漠
﯆城市制作的沙漠瓷砖至少产生2个ﬄ和2个ﬆ","<color=204,204,216,255>哈利法塔</color>增加沙漠瓷砖的食品和商业产量。它还增加了生成<color=255,255,0,255>伟大工程师</color>的机会。"
394,TXT_KEY_BUILDING_HUBBLE_SPACE_TELESCOPE,哈勃太空望远镜,3000,人造卫星( Satellites ),,,,,﯆+3 ﬔ卫星,哈勃太空望远镜为你的所有卫星增加了额外的科学知识。它还增加了这个城市产生一个伟大科学家的可能性。
395,TXT_KEY_BUILDING_CHANNEL_TUNNEL,海峡隧道,2000,机器人( Robotics ),,,,,﯆+100%﯌收入与友好关系,"<color=204,204,216,255>通道隧道</color>增加了与友好文明的所有贸易路线的产量。它还增加了生成<color=255,255,0,255>伟大工程师</color>的机会。"
396,TXT_KEY_BUILDING_SKYTREE,天空树,2500,移动通信( Telecommunications ),,,,,,"<color=204,204,216,255>天空树</color>为您所有的<color=102,229,255,255>科学家</color>和食物添加了额外的产品给您所有的<color=102,229,255,255>工程师</color>专家。它还增加了生成<color=255,255,0,255>伟大工程师</color>的机会。"
397,TXT_KEY_BUILDING_ORIENTAL_PEARL_TOWER,东方明珠塔,2500,移动通信( Telecommunications ),,,,,﯆+2 ﬔ每个城市人口,"东方明珠塔[COLRYBUGIONTION ]提供了2人口科学在其城市。它还增加了城市产生<color=255,255,0,255>大商人</color>的几率"
398,TXT_KEY_BUILDING_DELTA_WORKS,三角洲工程,2500,可再生能源( Renewable_energy ),,,,,﯆只需要城市半径内的平地,"<color=204,204,216,255>三角洲工厂</color>为其所在城市生产的所有水砖增加了额外的食物、生产和商业。它还增加了城市产生一个<color=255,255,0,255>大商人</color>的几率。"
399,TXT_KEY_BUILDING_SPACE_ELEVATOR,天梯,3000,超级材料( Supermaterials ),,,,,只能在赤道附近建造,"<color=204,204,216,255>天梯</color>可使所有城市建造太空飞船组件的速度+50%，并提升城市产生<color=255,255,0,255>大科学家</color>的几率。"
400,TXT_KEY_BUILDING_LARGE_HADRON_COLLIDER,大型强子对撞机,3000,超导( Superconductors ),,,,,,"<color=204,204,216,255>大型强子对撞机</color>极大地提高了城市的科学产出。它还增加了这个城市产生一个伟大科学家的机会。"
401,TXT_KEY_BUILDING_ITER,国际热核聚变实验堆,4000,核聚变( Fusion ),,,,,﯆+1ﬆ 所有城市每消耗一次电力,"<color=204,204,216,255>ITER</color>为同一大陆上的所有城市提供清洁电力，并为所有城市的所有消耗电力提供商业。它增加了它的城市产生一个伟大科学家的可能性。"
402,TXT_KEY_BUILDING_GATE_OF_THE_SUN,太阳之门,300,水泥( Cement ),地图学( Cartography ),,,,"﯆伟人诞生只需50%<color=102,229,255,255>伟人点</color>",TXT_KEY_BUILDING_GATE_OF_THE_SUN_STRATEGY
403,TXT_KEY_BUILDING_SERPENT_MOUND,蛇丘(Serpent Mound),300,简单机械( Leverage ),地图学( Cartography ),,,,"﯆公园+1<color=102,229,255,255>商业家</color>槽",TXT_KEY_BUILDING_SERPENT_MOUND_STRATEGY
404,TXT_KEY_BUILDING_PLAGUE,瘟疫,-1,,,,,,,TXT_KEY_BUILDING_PLAGUE_STRATEGY
405,TXT_KEY_BUILDING_PESEDJET_TEMPLE,佩塞德杰神庙,30,神话( Mythology ),,,,,,"<color=204,204,216,255>佩塞德杰神庙</color>是遵循<color=102,229,255,255>佩塞德杰</color>的文明的<color=204,204,216,255>异教徒神庙</color>。"
406,TXT_KEY_BUILDING_BABYLONIAN_ZIGGURAT,巴比伦塔庙,30,神话( Mythology ),,,,,,"<color=204,204,216,255>巴比伦塔庙<color=204,204,216,255>是继<color=102,229,255,255>阿努纳基<color=204,204,216,255>之后起源于美索不达米亚的文明的<color=204,204,216,255>异教徒神庙</color>。"
407,TXT_KEY_BUILDING_ANCESTOR_SHRINE,祖祠,30,神话( Mythology ),,,,,,"<color=204,204,216,255>祖先神龛</color>是<color=204,204,216,255>神道</color>之后的文明异教徒神殿</color>。"
408,TXT_KEY_BUILDING_VEDIC_TEMPLE,吠陀神庙,30,神话( Mythology ),,,,,,"<color=204,204,216,255>吠陀神庙</color>是遵循<color=102,229,255,255>吠陀</color>的文明的<color=204,204,216,255>异教徒神庙</color>。"
409,TXT_KEY_BUILDING_OLYMPIAN_TEMPLE,奥林匹亚神庙,30,神话( Mythology ),,,,,,奥林匹亚圣殿是遵循奥林匹亚主义的文明的异教徒圣殿。
410,TXT_KEY_BUILDING_BAALIST_TEMPLE,巴利斯特神庙,30,神话( Mythology ),,,,,,"<color=204,204,216,255>巴利斯特神庙</color>是遵循<color=102,229,255,255>巴利斯特</color>的文明的<color=204,204,216,255>异教徒神庙</color>。"
411,TXT_KEY_BUILDING_ATUA_SHRINE,阿图亚神社,30,神话( Mythology ),,,,,,"<color=204,204,216,255>阿图亚神殿</color>是<color=204,204,216,255>阿图亚</color>之后的文明的异教徒神庙</color>。"
412,TXT_KEY_BUILDING_MAZDAIST_TEMPLE,玛兹达神庙,30,神话( Mythology ),,,,,,"<color=204,204,216,255>玛兹达神庙COLOR_REVERT]是遵循<color=102,229,255,255>妈祖庙</color>的文明的<color=204,204,216,255>异教徒庙</color>。"
413,TXT_KEY_BUILDING_TEOTL_STEP_PYRAMID,梯阶金字塔,30,神话( Mythology ),,,,,,"<color=204,204,216,255>Teotl Step Pyramid</color>是遵循<color=102,229,255,255>Teotl</color>的文明的<color=204,204,216,255>异教徒神庙</color>。"
414,TXT_KEY_BUILDING_SHINTO_SHRINE,神社,30,神话( Mythology ),,,,,,"<color=204,204,216,255>神道神社</color>是<color=204,204,216,255>神道神社</color>之后的文明的异教徒神殿</color>。"
415,TXT_KEY_BUILDING_ASATRU_HOF,阿萨特鲁霍夫,30,神话( Mythology ),,,,,,"<color=204,204,216,255>Asatru Hof</color>是遵循<color=102,229,255,255>Asatru</color>的文明的<color=204,204,216,255>异教徒神庙</color>。"
416,TXT_KEY_BUILDING_DRUIDIC_NEMETON,德鲁伊的尼梅顿,30,神话( Mythology ),,,,,,德鲁伊德鲁伊尼梅顿（COLOR_REVERT）是继德鲁伊德鲁伊主义（COLOR_HIGHLIGHT_TEXT）之后的文明的异教徒神庙（COLOR_REVERT）。
417,TXT_KEY_BUILDING_PERUN_SHRINE,佩伦神殿,30,神话( Mythology ),,,,,,"佩伦的<color=204,204,216,255>神龛</color>是<color=204,204,216,255>异教徒神庙</color>的文明遵循<color=102,229,255,255>罗德诺弗瑞</color>。"
418,TXT_KEY_BUILDING_YORUBA_TEMPLE,约鲁巴神庙,30,神话( Mythology ),,,,,,"<color=204,204,216,255>约鲁巴神庙</color>是遵循<color=102,229,255,255>约鲁巴</color>的文明的<color=204,204,216,255>异教徒神庙</color>。"
419,TXT_KEY_BUILDING_INTI_TEMPLE,印地安寺,30,神话( Mythology ),,,,,,"<color=204,204,216,255>Inti Temple</color>是遵循<color=102,229,255,255>Inti</color>的文明的<color=204,204,216,255>异教徒神庙</color>。"
420,TXT_KEY_BUILDING_TENGRI_OBO,天顶欧博,30,神话( Mythology ),,,,,,"<color=204,204,216,255>腾格里奥博</color>是继<color=102,229,255,255>腾格里</color>之后的文明的<color=204,204,216,255>异教徒神庙</color>。"
421,TXT_KEY_BUILDING_HUBAL_TEMPLE,胡巴尔庙,30,神话( Mythology ),,,,,,"<color=204,204,216,255>胡巴尔神庙</color>是继<color=102,229,255,255>阿努纳基</color>之后起源于阿拉伯半岛的文明的<color=204,204,216,255>异教徒神庙</color>。"
422,TXT_KEY_BUILDING_ASTAR_TEMPLE,阿斯塔神庙,30,神话( Mythology ),,,,,,"<color=204,204,216,255>阿斯塔神庙</color>是埃塞俄比亚的<color=204,204,216,255>异教徒神庙</color>。"
423,TXT_KEY_BUILDING_MIDEWIWIN_MIDEWIGAAN,密得微图腾,30,神话( Mythology ),,,,,,TXT_KEY_BUILDING_MIDEWIWIN_MIDEWIGAAN_STRATEGY
424,TXT_KEY_BUILDING_ANGAKKUQ_QARGI,因纽特图腾石,30,神话( Mythology ),,,,,,TXT_KEY_BUILDING_ANGAKKUQ_QARGI_STRATEGY
425,TXT_KEY_BUILDING_ROMUVA_SACRED_GROVE,神圣丛林(Sacred Grove),30,神话( Mythology ),,,,,,TXT_KEY_BUILDING_ROMUVA_SACRED_GROVE_STRATEGY
